"loro(f) gestiscono --> Futuro","loro(f) gestiranno"
"noi pensiamo --> Futuro","noi penseremo"
"noi attuiamo --> Futuro","noi attueremo"
"voi mantenete --> Futuro","voi manterrete"
"loro(m) escono --> Futuro","loro(m) usciranno"
"voi immaginate --> Futuro","voi immaginerete"
"noi incontriamo --> Futuro","noi incontreremo"
"noi superiamo --> Futuro","noi supereremo"
"lei elimina --> Futuro","lei eliminerà"
"lui vede --> Futuro","lui vedrà"
"loro(f) amano --> Futuro","loro(f) ameranno"
"tu ti sbrighi --> Futuro","tu ti sbrigherai"
"loro(f) si preparano --> Futuro","loro(f) si prepareranno"
"io parlo --> Futuro","io parlerò"
"lui lavora --> Futuro","lui lavorerà"
"lui realizza --> Futuro","lui realizzerà"
"voi organizzate --> Futuro","voi organizzerete"
"lei si perde --> Futuro","lei si perderà"
"lei mostra --> Futuro","lei mostrerà"
"voi svolgete --> Futuro","voi svolgerete"
"lei passa --> Futuro","lei passerà"
"lei si veste --> Futuro","lei si vestirà"
"voi vi svegliate --> Futuro","voi vi sveglierete"
"loro(f) risolvono --> Futuro","loro(f) risolveranno"
"io salto --> Futuro","io salterò"
"lui viaggia --> Futuro","lui viaggerà"
"lei sopravvive --> Futuro","lei sopravvivrà"
"noi dobbiamo --> Futuro","noi dovremo"
"lei beve --> Futuro","lei berrà"
"loro(m) incoraggiano --> Futuro","loro(m) incoraggeranno"
"loro(m) includono --> Futuro","loro(m) includeranno"
"lei appare --> Futuro","lei apparirà"
"voi esprimete --> Futuro","voi esprimerete"
"loro(m) visitano --> Futuro","loro(m) visiteranno"
"noi decidiamo --> Futuro","noi decideremo"
"loro(f) si preoccupano --> Futuro","loro(f) si preoccuperanno"
"tu canti --> Futuro","tu canterai"
"lei conferma --> Futuro","lei confermerà"
"voi comunicate --> Futuro","voi comunicherete"
"tu ridi --> Futuro","tu riderai"
"lei riconosce --> Futuro","lei riconoscerà"
"tu vendi --> Futuro","tu venderai"
"tu ti ricordi --> Futuro","tu ti ricorderai"
"voi salvate --> Futuro","voi salverete"
"lei indica --> Futuro","lei indicherà"
"lui aspetta --> Futuro","lui aspetterà"
"lui si siède --> Futuro","lui si sederà/iederà"
"voi impedite --> Futuro","voi impedirete"
"loro(f) finanziano --> Futuro","loro(f) finanzieranno"
"noi creiamo --> Futuro","noi creeremo"
"tu uccidi --> Futuro","tu ucciderai"
"voi affrontate --> Futuro","voi affronterete"
"noi poniamo --> Futuro","noi porremo"
"voi state --> Futuro","voi starete"
"noi continuiamo --> Futuro","noi continueremo"
"lui porta --> Futuro","lui porterà"
"noi rimuoviamo --> Futuro","noi rimuoveremo"
"lei dorme --> Futuro","lei dormirà"
"loro(m) si sentono --> Futuro","loro(m) si sentiranno"
"lui accetta --> Futuro","lui accetterà"
"loro(f) chiamano --> Futuro","loro(f) chiameranno"
"loro(m) trovano --> Futuro","loro(m) troveranno"
"voi provate --> Futuro","voi proverete"
"voi venite --> Futuro","voi verrete"
"lei va --> Futuro","lei andrà"
"noi arriviamo --> Futuro","noi arriveremo"
"loro(m) spiegano --> Futuro","loro(m) spiegheranno"
"loro(m) si mettono --> Futuro","loro(m) si metteranno"
"lei rispetta --> Futuro","lei rispetterà"
"loro(f) abitano --> Futuro","loro(f) abiteranno"
"io nascondo --> Futuro","io nasconderò"
"lui legge --> Futuro","lui leggerà"
"loro(m) fermano --> Futuro","loro(m) fermeranno"
"loro(f) modificano --> Futuro","loro(f) modificheranno"
"noi capiamo --> Futuro","noi capiremo"
"io mi diverto --> Futuro","io mi divertirò"
"voi riducete --> Futuro","voi ridurrete"
"lei cucina --> Futuro","lei cucinerà"
"lui nota --> Futuro","lui noterà"
"loro(m) considerano --> Futuro","loro(m) considereranno"
"noi facciamo --> Futuro","noi faremo"
"lei introduce --> Futuro","lei introdurrà"
"tu corri --> Futuro","tu correrai"
"noi giochiamo --> Futuro","noi giocheremo"
"lui scarica --> Futuro","lui scaricherà"
"lui paga --> Futuro","lui pagherà"
"voi raccogliete --> Futuro","voi raccoglierete"
"noi ascoltiamo --> Futuro","noi ascolteremo"
"tu applichi --> Futuro","tu applicherai"
"noi apriamo --> Futuro","noi apriremo"
"lui si accomoda --> Futuro","lui si accomoderà"
"voi esaminate --> Futuro","voi esaminerete"
"io pulisco --> Futuro","io pulirò"
"voi conoscete --> Futuro","voi conoscerete"
"loro(f) causano --> Futuro","loro(f) causeranno"
"noi promuoviamo --> Futuro","noi promuoveremo"
"loro(f) si arrabbiano --> Futuro","loro(f) si arrabbieranno"
"tu produci --> Futuro","tu produrrai"
"lei si alza --> Futuro","lei si alzerà"
"loro(f) iniziano --> Futuro","loro(f) inizieranno"
"loro(f) si pettinano --> Futuro","loro(f) si pettineranno"
"lei fornisce --> Futuro","lei fornirà"
"voi favorite --> Futuro","voi favorirete"
"lui ringrazia --> Futuro","lui ringrazierà"
"io divento --> Futuro","io diventerò"
"io vivo --> Futuro","io vivrò"
"lei guarda --> Futuro","lei guarderà"
"tu dici --> Futuro","tu dirai"
"lui avvia --> Futuro","lui avvierà"
"lui costruisce --> Futuro","lui costruirà"
"io consento --> Futuro","io consentirò"
"lui spara --> Futuro","lui sparerà"
"loro(f) verificano --> Futuro","loro(f) verificheranno"
"lei sa --> Futuro","lei saprà"
"io tengo --> Futuro","io terrò"
"lui lascia --> Futuro","lui lascerà"
"loro(f) recuperano --> Futuro","loro(f) recupereranno"
"noi saliamo --> Futuro","noi saliremo"
"lui individua --> Futuro","lui individuerà"
"io dimentico --> Futuro","io dimenticherò"
"voi nascete --> Futuro","voi nascerete"
"loro(m) selezionano --> Futuro","loro(m) selezioneranno"
"tu dimostri --> Futuro","tu dimostrerai"
"lei si lava --> Futuro","lei si laverà"
"lui effettua --> Futuro","lui effettuerà"
"loro(m) scendono --> Futuro","loro(m) scenderanno"
"tu completi --> Futuro","tu completerai"
"loro(m) scelgono --> Futuro","loro(m) sceglieranno"
"loro(f) sentono --> Futuro","loro(f) sentiranno"
"tu agisci --> Futuro","tu agirai"
"io discuto --> Futuro","io discuterò"
"loro(f) adottano --> Futuro","loro(f) adotteranno"
"loro(m) coprono --> Futuro","loro(m) copriranno"
"loro(m) difendono --> Futuro","loro(m) difenderanno"
"voi guidate --> Futuro","voi guiderete"
"loro(m) partono --> Futuro","loro(m) partiranno"
"loro(m) distruggono --> Futuro","loro(m) distruggeranno"
"lui comprende --> Futuro","lui comprenderà"
"loro(m) si innamorano --> Futuro","loro(m) si innamoreranno"
"lei richiede --> Futuro","lei richiederà"
"loro(m) garantiscono --> Futuro","loro(m) garantiranno"
"loro(m) eseguono --> Futuro","loro(m) eseguiranno"
"loro(f) contribuiscono --> Futuro","loro(f) contribuiranno"
"lei stabilisce --> Futuro","lei stabilirà"
"io scopro --> Futuro","io scoprirò"
"lui sostiene --> Futuro","lui sosterrà"
"loro(f) prevengono --> Futuro","loro(f) preverranno"
"lei utilizza --> Futuro","lei utilizzerà"
"lei vince --> Futuro","lei vincerà"
"loro(m) sviluppano --> Futuro","loro(m) svilupperanno"
"noi determiniamo --> Futuro","noi determineremo"
"tu sembri --> Futuro","tu sembrerai"
"noi limitiamo --> Futuro","noi limiteremo"
"loro(f) seguono --> Futuro","loro(f) seguiranno"
"lei rimane --> Futuro","lei rimarrà"
"tu puoi --> Futuro","tu potrai"
"lei funziona --> Futuro","lei funzionerà"
"voi vi addormentate --> Futuro","voi vi addormenterete"
"lui inserisce --> Futuro","lui inserirà"
"lui combatte --> Futuro","lui combatterà"
"lei rende --> Futuro","lei renderà"
"voi restate --> Futuro","voi resterete"
"lui sostituisce --> Futuro","lui sostituirà"
"loro(f) sono --> Futuro","loro(f) saranno"
"lui teme --> Futuro","lui temerà"
"lui accede --> Futuro","lui accederà"
"noi cerchiamo --> Futuro","noi cercheremo"
"loro(f) acquistano --> Futuro","loro(f) acquisteranno"
"tu rispondi --> Futuro","tu risponderai"
"loro(m) cambiano --> Futuro","loro(m) cambieranno"
"io prendo --> Futuro","io prenderò"
"voi definite --> Futuro","voi definirete"
"io mi fermo --> Futuro","io mi fermerò"
"noi tacciamo --> Futuro","noi taceremo"
"lui identifica --> Futuro","lui identificherà"
"noi usiamo --> Futuro","noi useremo"
"voi vi annoiate --> Futuro","voi vi annoierete"
"lei cresce --> Futuro","lei crescerà"
"noi installiamo --> Futuro","noi installeremo"
"voi cominciate --> Futuro","voi comincerete"
"voi raggiungete --> Futuro","voi raggiungerete"
"tu compri --> Futuro","tu comprerai"
"voi offrite --> Futuro","voi offrirete"
"lei prepara --> Futuro","lei preparerà"
"lei si fa --> Futuro","lei si farà"
"io metto --> Futuro","io metterò"
"io entro --> Futuro","io entrerò"
"tu preferisci --> Futuro","tu preferirai"
"voi spegnete --> Futuro","voi spegnerete"
"loro(m) smettono --> Futuro","loro(m) smetteranno"
"lui migliora --> Futuro","lui migliorerà"
"voi assumete --> Futuro","voi assumerete"
"io muoio --> Futuro","io morirò"
"lui riceve --> Futuro","lui riceverà"
"loro(m) servono --> Futuro","loro(m) serviranno"
"noi aggiungiamo --> Futuro","noi aggiungeremo"
"tu cadi --> Futuro","tu cadrai"
"voi ricordate --> Futuro","voi ricorderete"
"voi partecipate --> Futuro","voi parteciperete"
"voi credete --> Futuro","voi crederete"
"loro(f) chiudono --> Futuro","loro(f) chiuderanno"
"tu piaci --> Futuro","tu piacerai"
"voi studiate --> Futuro","voi studierete"
"tu chiedi --> Futuro","tu chiederai"
"loro(m) aiutano --> Futuro","loro(m) aiuteranno"
"io invio --> Futuro","io invierò"
"loro(m) vogliono --> Futuro","loro(m) vorranno"
"lui si spoglia --> Futuro","lui si spoglierà"
"lui riesce --> Futuro","lui riuscirà"
"loro(m) valutano --> Futuro","loro(m) valuteranno"
"noi permettiamo --> Futuro","noi permetteremo"
"noi ci chiamiamo --> Futuro","noi ci chiameremo"
"io evito --> Futuro","io eviterò"
"lui dà --> Futuro","lui darà"
"lei protegge --> Futuro","lei proteggerà"
"noi godiamo --> Futuro","noi godremo"
"loro(m) imparano --> Futuro","loro(m) impareranno"
"loro(f) si chiedono --> Futuro","loro(f) si chiederanno"
"lei ha --> Futuro","lei avrà"
"lei rafforza --> Futuro","lei rafforzerà"
"io condivido --> Futuro","io condividerò"
"loro(f) presentano --> Futuro","loro(f) presenteranno"
"tu ottieni --> Futuro","tu otterrai"
"loro(m) scrivono --> Futuro","loro(m) scriveranno"
"lei aumenta --> Futuro","lei aumenterà"
"voi controllate --> Futuro","voi controllerete"
"lui assicura --> Futuro","lui assicurerà"
"noi mangiamo --> Futuro","noi mangeremo"
"lei spedisce --> Futuro","lei spedirà"
"voi perdete --> Futuro","voi perderete"
"lui balla --> Futuro","lui ballerà"
"lui torna --> Futuro","lui tornerà"
"tu soddisfi --> Futuro","tu soddisferai"
"io finisco --> Futuro","io finirò"
