(adesso) io ESSERE,(io) sono
(adesso) tu ESSERE,(tu) sei
(adesso) lui ESSERE,(lui) è
(adesso) noi ESSERE,(noi) siamo
(adesso) voi ESSERE,(voi) siete
(adesso) loro ESSERE,(loro) sono
(ieri) tu ESSERE,(tu) eri
(molto tempo fa) io ESSERE,(io) fui
(molto tempo fa) voi ESSERE,(voi) foste
(domani) io ESSERE,(io) sarò
(finito) loro ESSERE,(loro) sono state
(perchè ieri) io ESSERE,(io) ero stato
(passato) se noi ESSERE,se (noi) saremmo stati
(...ndo) ...  ESSERE,(... ) essendo
(passato ...ndo) ESSERE,(essendo) stata
(aggetivo) ...  ESSERE,(... ) ente
(per favore) ...  ESSERE,(... ) sii
(adesso) io AVERE,(io) ho
(adesso) tu AVERE,(tu) hai
(adesso) lui AVERE,(lui) ha
(adesso) noi AVERE,(noi) abbiamo
(adesso) voi AVERE,(voi) avete
(adesso) loro AVERE,(loro) hanno
(ieri) loro AVERE,(loro) avevano
(molto tempo fa) io AVERE,(io) ebbi
(molto tempo fa) tu AVERE,(tu) avesti
(domani) noi AVERE,(noi) avremo
(finito) lei AVERE,(lei) ha avuto
(perchè ieri) loro AVERE,(loro) avevano avuto
(passato) se tu AVERE,se (tu) avresti avuto
(...ndo) ...  AVERE,(... ) avendo
(passato ...ndo) AVERE,(avendo) avuto
(aggetivo) ...  AVERE,(... ) avente
(per favore) ...  AVERE,(... ) abbi
(adesso) io FARE,(io) faccio
(adesso) tu FARE,(tu) fai
(adesso) lui FARE,(lui) fa
(adesso) noi FARE,(noi) facciamo
(adesso) voi FARE,(voi) fate
(adesso) loro FARE,(loro) fanno
(ieri) noi FARE,(noi) facevamo
(molto tempo fa) io FARE,(io) feci
(molto tempo fa) voi FARE,(voi) faceste
(domani) tu FARE,(tu) farai
(finito) lei FARE,(lei) ha fatto
(perchè ieri) io FARE,(io) avevo fatto
(passato) se noi FARE,se (noi) avremmo fatto
(...ndo) ...  FARE,(... ) facendo
(passato ...ndo) FARE,(avendo) fatto
(aggetivo) ...  FARE,(... ) facente
(per favore) ...  FARE,(... ) fa'/ai
(adesso) io ANDARE,(io) vado
(adesso) tu ANDARE,(tu) vai
(adesso) lui ANDARE,(lui) va
(adesso) noi ANDARE,(noi) andiamo
(adesso) voi ANDARE,(voi) andate
(adesso) loro ANDARE,(loro) vanno
(ieri) noi ANDARE,(noi) andavamo
(molto tempo fa) io ANDARE,(io) andai
(molto tempo fa) tu ANDARE,(tu) andasti
(domani) voi ANDARE,(voi) andrete
(finito) tu ANDARE,(tu) sei andato
(perchè ieri) voi ANDARE,(voi) eravate andati
(passato) se noi ANDARE,se (noi) saremmo andati
(...ndo) ...  ANDARE,(... ) andando
(passato ...ndo) ANDARE,(essendo) andato
(aggetivo) ...  ANDARE,(... ) andante
(per favore) ...  ANDARE,(... ) va'/vai
(adesso) io POTERE,(io) posso
(adesso) tu POTERE,(tu) puoi
(adesso) lui POTERE,(lui) può
(adesso) noi POTERE,(noi) possiamo
(adesso) voi POTERE,(voi) potete
(adesso) loro POTERE,(loro) possono
(ieri) lui POTERE,(lui) poteva
(molto tempo fa) io POTERE,(io) potei/otetti
(molto tempo fa) lui POTERE,(lui) poté/otette
(domani) loro POTERE,(loro) potranno
(finito) lui POTERE,(lui) ha potuto
(perchè ieri) voi POTERE,(voi) avevate potuto
(passato) se io POTERE,se (io) sarei potuto
(...ndo) ...  POTERE,(... ) potendo
(passato ...ndo) POTERE,(essendo) potute
(aggetivo) ...  POTERE,(... ) potente
(adesso) io DARE,(io) do
(adesso) tu DARE,(tu) dai
(adesso) lei DARE,(lei) dà
(adesso) noi DARE,(noi) diamo
(adesso) voi DARE,(voi) date
(adesso) loro DARE,(loro) danno
(ieri) io DARE,(io) davo
(molto tempo fa) io DARE,(io) diedi/etti
(molto tempo fa) tu DARE,(tu) desti
(domani) noi DARE,(noi) daremo
(finito) tu DARE,(tu) hai dato
(perchè ieri) loro DARE,(loro) avevano dato
(passato) se voi DARE,se (voi) avreste dato
(...ndo) ...  DARE,(... ) dando
(passato ...ndo) DARE,(avendo) dato
(aggetivo) ...  DARE,(... ) dante
(per favore) ...  DARE,(... ) da'/ai
(adesso) io VOLERE,(io) voglio
(adesso) tu VOLERE,(tu) vuoi
(adesso) lei VOLERE,(lei) vuole
(adesso) noi VOLERE,(noi) vogliamo
(adesso) voi VOLERE,(voi) volete
(adesso) loro VOLERE,(loro) vogliono
(ieri) io VOLERE,(io) volevo
(molto tempo fa) io VOLERE,(io) volli
(molto tempo fa) loro VOLERE,(loro) vollero
(domani) lei VOLERE,(lei) vorrà
(finito) noi VOLERE,(noi) abbiamo voluto
(perchè ieri) voi VOLERE,(voi) avevate voluto
(passato) se noi VOLERE,se (noi) avremmo voluto
(...ndo) ...  VOLERE,(... ) volendo
(passato ...ndo) VOLERE,(avendo) voluto
(aggetivo) ...  VOLERE,(... ) volente
(per favore) ...  VOLERE,(... ) vogli
(adesso) io VENIRE,(io) vengo
(adesso) tu VENIRE,(tu) vieni
(adesso) lei VENIRE,(lei) viene
(adesso) noi VENIRE,(noi) veniamo
(adesso) voi VENIRE,(voi) venite
(adesso) loro VENIRE,(loro) vengono
(ieri) io VENIRE,(io) venivo
(molto tempo fa) io VENIRE,(io) venni
(molto tempo fa) voi VENIRE,(voi) veniste
(domani) voi VENIRE,(voi) verrete
(finito) lei VENIRE,(lei) è venuta
(perchè ieri) tu VENIRE,(tu) eri venuto
(passato) se tu VENIRE,se (tu) saresti venuto
(...ndo) ...  VENIRE,(... ) venendo
(passato ...ndo) VENIRE,(essendo) venuti
(aggetivo) ...  VENIRE,(... ) venente
(per favore) ...  VENIRE,(... ) vieni
(adesso) io DOVERE,(io) devo/ebbo
(adesso) tu DOVERE,(tu) devi
(adesso) lui DOVERE,(lui) deve
(adesso) noi DOVERE,(noi) dobbiamo
(adesso) voi DOVERE,(voi) dovete
(adesso) loro DOVERE,(loro) devono/ebbono
(ieri) loro DOVERE,(loro) dovevano
(molto tempo fa) io DOVERE,(io) dovei/ovetti
(molto tempo fa) tu DOVERE,(tu) dovesti
(domani) voi DOVERE,(voi) dovrete
(finito) voi DOVERE,(voi) avete dovuto
(perchè ieri) voi DOVERE,(voi) avevate dovuto
(passato) se lei DOVERE,se (lei) avrebbe dovuto
(...ndo) ...  DOVERE,(... ) dovendo
(passato ...ndo) DOVERE,(avendo) dovuto
(aggetivo) ...  DOVERE,(... ) dovente
(adesso) io STARE,(io) sto
(adesso) tu STARE,(tu) stai
(adesso) lei STARE,(lei) sta
(adesso) noi STARE,(noi) stiamo
(adesso) voi STARE,(voi) state
(adesso) loro STARE,(loro) stanno
(ieri) lei STARE,(lei) stava
(molto tempo fa) io STARE,(io) stetti
(molto tempo fa) tu STARE,(tu) stesti
(domani) loro STARE,(loro) staranno
(finito) voi STARE,(voi) siete stati
(perchè ieri) lei STARE,(lei) era stata
(passato) se lui STARE,se (lui) sarebbe stato
(...ndo) ...  STARE,(... ) stando
(passato ...ndo) STARE,(essendo) stato
(aggetivo) ...  STARE,(... ) stante
(per favore) ...  STARE,(... ) sta'/ai
(adesso) io DIRE,(io) dico
(adesso) tu DIRE,(tu) dici
(adesso) lei DIRE,(lei) dice
(adesso) noi DIRE,(noi) diciamo
(adesso) voi DIRE,(voi) dite
(adesso) loro DIRE,(loro) dicono
(ieri) noi DIRE,(noi) dicevamo
(molto tempo fa) io DIRE,(io) dissi
(molto tempo fa) noi DIRE,(noi) dicemmo
(domani) noi DIRE,(noi) diremo
(finito) noi DIRE,(noi) abbiamo detto
(perchè ieri) loro DIRE,(loro) avevano detto
(passato) se io DIRE,se (io) avrei detto
(...ndo) ...  DIRE,(... ) dicendo
(passato ...ndo) DIRE,(avendo) detto
(aggetivo) ...  DIRE,(... ) dicente
(per favore) ...  DIRE,(... ) di'
(adesso) io SAPERE,(io) so
(adesso) tu SAPERE,(tu) sai
(adesso) lei SAPERE,(lei) sa
(adesso) noi SAPERE,(noi) sappiamo
(adesso) voi SAPERE,(voi) sapete
(adesso) loro SAPERE,(loro) sanno
(ieri) noi SAPERE,(noi) sapevamo
(molto tempo fa) io SAPERE,(io) seppi
(molto tempo fa) lei SAPERE,(lei) seppe
(domani) tu SAPERE,(tu) saprai
(finito) tu SAPERE,(tu) hai saputo
(perchè ieri) io SAPERE,(io) avevo saputo
(passato) se voi SAPERE,se (voi) avreste saputo
(...ndo) ...  SAPERE,(... ) sapendo
(passato ...ndo) SAPERE,(avendo) saputo
(aggetivo) ...  SAPERE,(... ) sapiente
(per favore) ...  SAPERE,(... ) sappi
(adesso) io VEDERE,(io) vedo/eggo
(adesso) tu VEDERE,(tu) vedi
(adesso) lui VEDERE,(lui) vede
(adesso) noi VEDERE,(noi) vediamo
(adesso) voi VEDERE,(voi) vedete
(adesso) loro VEDERE,(loro) vedono/eggono
(ieri) loro VEDERE,(loro) vedevano
(molto tempo fa) io VEDERE,(io) vidi
(molto tempo fa) tu VEDERE,(tu) vedesti
(domani) voi VEDERE,(voi) vedrete
(finito) loro VEDERE,(loro) hanno visto/eduto
(perchè ieri) lei VEDERE,(lei) aveva visto/eduto
(passato) se tu VEDERE,se (tu) avresti visto/eduto
(...ndo) ...  VEDERE,(... ) vedendo
(passato ...ndo) VEDERE,(avendo) visto/eduto
(aggetivo) ...  VEDERE,(... ) vedente
(per favore) ...  VEDERE,(... ) vedi/egga
(adesso) io MANGIARE,(io) mangio
(adesso) tu MANGIARE,(tu) mangi
(adesso) lui MANGIARE,(lui) mangia
(adesso) noi MANGIARE,(noi) mangiamo
(adesso) voi MANGIARE,(voi) mangiate
(adesso) loro MANGIARE,(loro) mangiano
(ieri) voi MANGIARE,(voi) mangiavate
(molto tempo fa) io MANGIARE,(io) mangiai
(molto tempo fa) tu MANGIARE,(tu) mangiasti
(domani) loro MANGIARE,(loro) mangeranno
(finito) io MANGIARE,(io) ho mangiato
(perchè ieri) loro MANGIARE,(loro) avevano mangiato
(passato) se voi MANGIARE,se (voi) avreste mangiato
(...ndo) ...  MANGIARE,(... ) mangiando
(passato ...ndo) MANGIARE,(avendo) mangiato
(aggetivo) ...  MANGIARE,(... ) mangiante
(per favore) ...  MANGIARE,(... ) mangia
(adesso) io PARLARE,(io) parlo
(adesso) tu PARLARE,(tu) parli
(adesso) lei PARLARE,(lei) parla
(adesso) noi PARLARE,(noi) parliamo
(adesso) voi PARLARE,(voi) parlate
(adesso) loro PARLARE,(loro) parlano
(ieri) loro PARLARE,(loro) parlavano
(molto tempo fa) io PARLARE,(io) parlai
(molto tempo fa) tu PARLARE,(tu) parlasti
(domani) io PARLARE,(io) parlerò
(finito) lui PARLARE,(lui) ha parlato
(perchè ieri) lei PARLARE,(lei) aveva parlato
(passato) se io PARLARE,se (io) avrei parlato
(...ndo) ...  PARLARE,(... ) parlando
(passato ...ndo) PARLARE,(avendo) parlato
(aggetivo) ...  PARLARE,(... ) parlante
(per favore) ...  PARLARE,(... ) parla
(adesso) io USCIRE,(io) esco
(adesso) tu USCIRE,(tu) esci
(adesso) lui USCIRE,(lui) esce
(adesso) noi USCIRE,(noi) usciamo
(adesso) voi USCIRE,(voi) uscite
(adesso) loro USCIRE,(loro) escono
(ieri) loro USCIRE,(loro) uscivano
(molto tempo fa) io USCIRE,(io) uscii
(molto tempo fa) noi USCIRE,(noi) uscimmo
(domani) noi USCIRE,(noi) usciremo
(finito) tu USCIRE,(tu) sei uscito
(perchè ieri) tu USCIRE,(tu) eri uscito
(passato) se lui USCIRE,se (lui) sarebbe uscito
(...ndo) ...  USCIRE,(... ) uscendo
(passato ...ndo) USCIRE,(essendo) usciti
(aggetivo) ...  USCIRE,(... ) uscente
(per favore) ...  USCIRE,(... ) esci
(adesso) io PRENDERE,(io) prendo
(adesso) tu PRENDERE,(tu) prendi
(adesso) lui PRENDERE,(lui) prende
(adesso) noi PRENDERE,(noi) prendiamo
(adesso) voi PRENDERE,(voi) prendete
(adesso) loro PRENDERE,(loro) prendono
(ieri) tu PRENDERE,(tu) prendevi
(molto tempo fa) io PRENDERE,(io) presi
(molto tempo fa) loro PRENDERE,(loro) presero
(domani) voi PRENDERE,(voi) prenderete
(finito) lei PRENDERE,(lei) ha preso
(perchè ieri) io PRENDERE,(io) avevo preso
(passato) se lui PRENDERE,se (lui) avrebbe preso
(...ndo) ...  PRENDERE,(... ) prendendo
(passato ...ndo) PRENDERE,(avendo) preso
(aggetivo) ...  PRENDERE,(... ) prendente
(per favore) ...  PRENDERE,(... ) prendi
(adesso) io PIACERE,(io) piaccio
(adesso) tu PIACERE,(tu) piaci
(adesso) lei PIACERE,(lei) piace
(adesso) noi PIACERE,(noi) piacciamo
(adesso) voi PIACERE,(voi) piacete
(adesso) loro PIACERE,(loro) piacciono
(ieri) tu PIACERE,(tu) piacevi
(molto tempo fa) io PIACERE,(io) piacqui
(molto tempo fa) loro PIACERE,(loro) piacquero
(domani) tu PIACERE,(tu) piacerai
(finito) tu PIACERE,(tu) sei piaciuto
(perchè ieri) lei PIACERE,(lei) era piaciuta
(passato) se tu PIACERE,se (tu) saresti piaciuto
(...ndo) ...  PIACERE,(... ) piacendo
(passato ...ndo) PIACERE,(essendo) piaciuto
(aggetivo) ...  PIACERE,(... ) piacente
(per favore) ...  PIACERE,(... ) piaci
(adesso) io LEGGERE,(io) leggo
(adesso) tu LEGGERE,(tu) leggi
(adesso) lui LEGGERE,(lui) legge
(adesso) noi LEGGERE,(noi) leggiamo
(adesso) voi LEGGERE,(voi) leggete
(adesso) loro LEGGERE,(loro) leggono
(ieri) noi LEGGERE,(noi) leggevamo
(molto tempo fa) io LEGGERE,(io) lessi
(molto tempo fa) tu LEGGERE,(tu) leggesti
(domani) loro LEGGERE,(loro) leggeranno
(finito) io LEGGERE,(io) ho letto
(perchè ieri) io LEGGERE,(io) avevo letto
(passato) se io LEGGERE,se (io) avrei letto
(...ndo) ...  LEGGERE,(... ) leggendo
(passato ...ndo) LEGGERE,(avendo) letto
(aggetivo) ...  LEGGERE,(... ) leggente
(per favore) ...  LEGGERE,(... ) leggi
(adesso) io AMARE,(io) amo
(adesso) tu AMARE,(tu) ami
(adesso) lei AMARE,(lei) ama
(adesso) noi AMARE,(noi) amiamo
(adesso) voi AMARE,(voi) amate
(adesso) loro AMARE,(loro) amano
(ieri) io AMARE,(io) amavo
(molto tempo fa) io AMARE,(io) amai
(molto tempo fa) tu AMARE,(tu) amasti
(domani) lui AMARE,(lui) amerà
(finito) voi AMARE,(voi) avete amato
(perchè ieri) loro AMARE,(loro) avevano amato
(passato) se io AMARE,se (io) avrei amato
(...ndo) ...  AMARE,(... ) amando
(passato ...ndo) AMARE,(avendo) amato
(aggetivo) ...  AMARE,(... ) amante
(per favore) ...  AMARE,(... ) ama
(adesso) io BERE,(io) bevo
(adesso) tu BERE,(tu) bevi
(adesso) lei BERE,(lei) beve
(adesso) noi BERE,(noi) beviamo
(adesso) voi BERE,(voi) bevete
(adesso) loro BERE,(loro) bevono
(ieri) lei BERE,(lei) beveva
(molto tempo fa) io BERE,(io) bevvi/vetti
(molto tempo fa) loro BERE,(loro) bevvero/vettero
(domani) loro BERE,(loro) berranno
(finito) loro BERE,(loro) hanno bevuto
(perchè ieri) voi BERE,(voi) avevate bevuto
(passato) se noi BERE,se (noi) avremmo bevuto
(...ndo) ...  BERE,(... ) bevendo
(passato ...ndo) BERE,(avendo) bevuto
(aggetivo) ...  BERE,(... ) bevente
(per favore) ...  BERE,(... ) bevi
(adesso) io FINIRE,(io) finisco
(adesso) tu FINIRE,(tu) finisci
(adesso) lui FINIRE,(lui) finisce
(adesso) noi FINIRE,(noi) finiamo
(adesso) voi FINIRE,(voi) finite
(adesso) loro FINIRE,(loro) finiscono
(ieri) io FINIRE,(io) finivo
(molto tempo fa) io FINIRE,(io) finii
(molto tempo fa) loro FINIRE,(loro) finirono
(domani) voi FINIRE,(voi) finirete
(finito) noi FINIRE,(noi) siamo finiti
(perchè ieri) tu FINIRE,(tu) eri finito
(passato) se voi FINIRE,se (voi) avreste finito
(...ndo) ...  FINIRE,(... ) finendo
(passato ...ndo) FINIRE,(essendo) finito
(aggetivo) ...  FINIRE,(... ) finente
(per favore) ...  FINIRE,(... ) finisci
(adesso) io CAPIRE,(io) capisco
(adesso) tu CAPIRE,(tu) capisci
(adesso) lui CAPIRE,(lui) capisce
(adesso) noi CAPIRE,(noi) capiamo
(adesso) voi CAPIRE,(voi) capite
(adesso) loro CAPIRE,(loro) capiscono
(ieri) loro CAPIRE,(loro) capivano
(molto tempo fa) io CAPIRE,(io) capii
(molto tempo fa) tu CAPIRE,(tu) capisti
(domani) voi CAPIRE,(voi) capirete
(finito) voi CAPIRE,(voi) avete capito
(perchè ieri) tu CAPIRE,(tu) avevi capito
(passato) se voi CAPIRE,se (voi) avreste capito
(...ndo) ...  CAPIRE,(... ) capendo
(passato ...ndo) CAPIRE,(avendo) capito
(aggetivo) ...  CAPIRE,(... ) capente
(per favore) ...  CAPIRE,(... ) capisci
(adesso) io ARRIVARE,(io) arrivo
(adesso) tu ARRIVARE,(tu) arrivi
(adesso) lei ARRIVARE,(lei) arriva
(adesso) noi ARRIVARE,(noi) arriviamo
(adesso) voi ARRIVARE,(voi) arrivate
(adesso) loro ARRIVARE,(loro) arrivano
(ieri) loro ARRIVARE,(loro) arrivavano
(molto tempo fa) io ARRIVARE,(io) arrivai
(molto tempo fa) voi ARRIVARE,(voi) arrivaste
(domani) lei ARRIVARE,(lei) arriverà
(finito) loro ARRIVARE,(loro) sono arrivati
(perchè ieri) loro ARRIVARE,(loro) erano arrivate
(passato) se voi ARRIVARE,se (voi) sareste arrivati
(...ndo) ...  ARRIVARE,(... ) arrivando
(passato ...ndo) ARRIVARE,(essendo) arrivata
(aggetivo) ...  ARRIVARE,(... ) arrivante
(per favore) ...  ARRIVARE,(... ) arriva
(adesso) io SCRIVERE,(io) scrivo
(adesso) tu SCRIVERE,(tu) scrivi
(adesso) lui SCRIVERE,(lui) scrive
(adesso) noi SCRIVERE,(noi) scriviamo
(adesso) voi SCRIVERE,(voi) scrivete
(adesso) loro SCRIVERE,(loro) scrivono
(ieri) tu SCRIVERE,(tu) scrivevi
(molto tempo fa) io SCRIVERE,(io) scrissi
(molto tempo fa) tu SCRIVERE,(tu) scrivesti
(domani) loro SCRIVERE,(loro) scriveranno
(finito) tu SCRIVERE,(tu) hai scritto
(perchè ieri) lei SCRIVERE,(lei) aveva scritto
(passato) se voi SCRIVERE,se (voi) avreste scritto
(...ndo) ...  SCRIVERE,(... ) scrivendo
(passato ...ndo) SCRIVERE,(avendo) scritto
(aggetivo) ...  SCRIVERE,(... ) scrivente
(per favore) ...  SCRIVERE,(... ) scrivi
(adesso) io PARTIRE,(io) parto
(adesso) tu PARTIRE,(tu) parti
(adesso) lei PARTIRE,(lei) parte
(adesso) noi PARTIRE,(noi) partiamo
(adesso) voi PARTIRE,(voi) partite
(adesso) loro PARTIRE,(loro) partono
(ieri) loro PARTIRE,(loro) partivano
(molto tempo fa) io PARTIRE,(io) partii
(molto tempo fa) tu PARTIRE,(tu) partisti
(domani) io PARTIRE,(io) partirò
(finito) io PARTIRE,(io) sono partito
(perchè ieri) lui PARTIRE,(lui) era partito
(passato) se tu PARTIRE,se (tu) saresti partito
(...ndo) ...  PARTIRE,(... ) partendo
(passato ...ndo) PARTIRE,(essendo) partito
(aggetivo) ...  PARTIRE,(... ) partente
(per favore) ...  PARTIRE,(... ) parti
(adesso) io METTERE,(io) metto
(adesso) tu METTERE,(tu) metti
(adesso) lui METTERE,(lui) mette
(adesso) noi METTERE,(noi) mettiamo
(adesso) voi METTERE,(voi) mettete
(adesso) loro METTERE,(loro) mettono
(ieri) voi METTERE,(voi) mettevate
(molto tempo fa) io METTERE,(io) misi
(molto tempo fa) voi METTERE,(voi) metteste
(domani) io METTERE,(io) metterò
(finito) noi METTERE,(noi) abbiamo messo
(perchè ieri) io METTERE,(io) avevo messo
(passato) se loro METTERE,se (loro) avrebbero messo
(...ndo) ...  METTERE,(... ) mettendo
(passato ...ndo) METTERE,(avendo) messo
(aggetivo) ...  METTERE,(... ) mettente
(per favore) ...  METTERE,(... ) metti
(adesso) io RIMANERE,(io) rimango
(adesso) tu RIMANERE,(tu) rimani
(adesso) lui RIMANERE,(lui) rimane
(adesso) noi RIMANERE,(noi) rimaniamo
(adesso) voi RIMANERE,(voi) rimanete
(adesso) loro RIMANERE,(loro) rimangono
(ieri) tu RIMANERE,(tu) rimanevi
(molto tempo fa) io RIMANERE,(io) rimasi
(molto tempo fa) loro RIMANERE,(loro) rimasero
(domani) noi RIMANERE,(noi) rimarremo
(finito) voi RIMANERE,(voi) siete rimasti
(perchè ieri) noi RIMANERE,(noi) eravamo rimasti
(passato) se loro RIMANERE,se (loro) sarebbero rimasti
(...ndo) ...  RIMANERE,(... ) rimanendo
(passato ...ndo) RIMANERE,(essendo) rimasta
(aggetivo) ...  RIMANERE,(... ) rimanente
(per favore) ...  RIMANERE,(... ) rimani
(adesso) io DORMIRE,(io) dormo
(adesso) tu DORMIRE,(tu) dormi
(adesso) lei DORMIRE,(lei) dorme
(adesso) noi DORMIRE,(noi) dormiamo
(adesso) voi DORMIRE,(voi) dormite
(adesso) loro DORMIRE,(loro) dormono
(ieri) noi DORMIRE,(noi) dormivamo
(molto tempo fa) io DORMIRE,(io) dormii
(molto tempo fa) lei DORMIRE,(lei) dormì
(domani) tu DORMIRE,(tu) dormirai
(finito) tu DORMIRE,(tu) hai dormito
(perchè ieri) voi DORMIRE,(voi) avevate dormito
(passato) se loro DORMIRE,se (loro) avrebbero dormito
(...ndo) ...  DORMIRE,(... ) dormendo
(passato ...ndo) DORMIRE,(avendo) dormito
(aggetivo) ...  DORMIRE,(... ) dormente
(per favore) ...  DORMIRE,(... ) dormi
(adesso) io VIVERE,(io) vivo
(adesso) tu VIVERE,(tu) vivi
(adesso) lei VIVERE,(lei) vive
(adesso) noi VIVERE,(noi) viviamo
(adesso) voi VIVERE,(voi) vivete
(adesso) loro VIVERE,(loro) vivono
(ieri) tu VIVERE,(tu) vivevi
(molto tempo fa) io VIVERE,(io) vissi
(molto tempo fa) noi VIVERE,(noi) vivemmo
(domani) loro VIVERE,(loro) vivranno
(finito) io VIVERE,(io) sono vissuto
(perchè ieri) loro VIVERE,(loro) erano vissute
(passato) se loro VIVERE,se (loro) avrebbero vissuto
(...ndo) ...  VIVERE,(... ) vivendo
(passato ...ndo) VIVERE,(essendo) vissute
(aggetivo) ...  VIVERE,(... ) vivente
(per favore) ...  VIVERE,(... ) vivi
(adesso) io CONOSCERE,(io) conosco
(adesso) tu CONOSCERE,(tu) conosci
(adesso) lui CONOSCERE,(lui) conosce
(adesso) noi CONOSCERE,(noi) conosciamo
(adesso) voi CONOSCERE,(voi) conoscete
(adesso) loro CONOSCERE,(loro) conoscono
(ieri) noi CONOSCERE,(noi) conoscevamo
(molto tempo fa) io CONOSCERE,(io) conobbi
(molto tempo fa) voi CONOSCERE,(voi) conosceste
(domani) lui CONOSCERE,(lui) conoscerà
(finito) loro CONOSCERE,(loro) hanno conosciuto
(perchè ieri) io CONOSCERE,(io) avevo conosciuto
(passato) se noi CONOSCERE,se (noi) avremmo conosciuto
(...ndo) ...  CONOSCERE,(... ) conoscendo
(passato ...ndo) CONOSCERE,(avendo) conosciuto
(aggetivo) ...  CONOSCERE,(... ) conoscente
(per favore) ...  CONOSCERE,(... ) conosci
(adesso) io SENTIRSI,(io) mi sento
(adesso) tu SENTIRSI,(tu) ti senti
(adesso) lei SENTIRSI,(lei) si sente
(adesso) noi SENTIRSI,(noi) ci sentiamo
(adesso) voi SENTIRSI,(voi) vi sentite
(adesso) loro SENTIRSI,(loro) si sentono
(ieri) voi SENTIRSI,(voi) vi sentivate
(molto tempo fa) io SENTIRSI,(io) mi sentii
(molto tempo fa) loro SENTIRSI,(loro) si sentirono
(domani) loro SENTIRSI,(loro) si sentiranno
(finito) lui SENTIRSI,(lui) si è sentito
(perchè ieri) io SENTIRSI,(io) mi ero sentito
(passato) se loro SENTIRSI,se (loro) si sarebbero sentite
(...ndo) ...  SENTIRSI,(... ) sentendosi
(passato ...ndo) SENTIRSI,(essendosi) sentito
(aggetivo) ...  SENTIRSI,(... ) senzientesi
(per favore) ...  SENTIRSI,(... ) sentiti
(adesso) io CUCINARE,(io) cucino
(adesso) tu CUCINARE,(tu) cucini
(adesso) lui CUCINARE,(lui) cucina
(adesso) noi CUCINARE,(noi) cuciniamo
(adesso) voi CUCINARE,(voi) cucinate
(adesso) loro CUCINARE,(loro) cucinano
(ieri) tu CUCINARE,(tu) cucinavi
(molto tempo fa) io CUCINARE,(io) cucinai
(molto tempo fa) noi CUCINARE,(noi) cucinammo
(domani) loro CUCINARE,(loro) cucineranno
(finito) noi CUCINARE,(noi) abbiamo cucinato
(perchè ieri) noi CUCINARE,(noi) avevamo cucinato
(passato) se tu CUCINARE,se (tu) avresti cucinato
(...ndo) ...  CUCINARE,(... ) cucinando
(passato ...ndo) CUCINARE,(avendo) cucinato
(aggetivo) ...  CUCINARE,(... ) cucinante
(per favore) ...  CUCINARE,(... ) cucina
(adesso) io STUDIARE,(io) studio
(adesso) tu STUDIARE,(tu) studi
(adesso) lui STUDIARE,(lui) studia
(adesso) noi STUDIARE,(noi) studiamo
(adesso) voi STUDIARE,(voi) studiate
(adesso) loro STUDIARE,(loro) studiano
(ieri) io STUDIARE,(io) studiavo
(molto tempo fa) io STUDIARE,(io) studiai
(molto tempo fa) tu STUDIARE,(tu) studiasti
(domani) io STUDIARE,(io) studierò
(finito) noi STUDIARE,(noi) abbiamo studiato
(perchè ieri) io STUDIARE,(io) avevo studiato
(passato) se io STUDIARE,se (io) avrei studiato
(...ndo) ...  STUDIARE,(... ) studiando
(passato ...ndo) STUDIARE,(avendo) studiato
(aggetivo) ...  STUDIARE,(... ) studiante
(per favore) ...  STUDIARE,(... ) studia
(adesso) io GIOCARE,(io) gioco
(adesso) tu GIOCARE,(tu) giochi
(adesso) lui GIOCARE,(lui) gioca
(adesso) noi GIOCARE,(noi) giochiamo
(adesso) voi GIOCARE,(voi) giocate
(adesso) loro GIOCARE,(loro) giocano
(ieri) io GIOCARE,(io) giocavo
(molto tempo fa) io GIOCARE,(io) giocai
(molto tempo fa) lui GIOCARE,(lui) giocò
(domani) voi GIOCARE,(voi) giocherete
(finito) voi GIOCARE,(voi) avete giocato
(perchè ieri) voi GIOCARE,(voi) avevate giocato
(passato) se noi GIOCARE,se (noi) avremmo giocato
(...ndo) ...  GIOCARE,(... ) giocando
(passato ...ndo) GIOCARE,(avendo) giocato
(aggetivo) ...  GIOCARE,(... ) giocante
(per favore) ...  GIOCARE,(... ) gioca
(adesso) io CHIEDERE,(io) chiedo
(adesso) tu CHIEDERE,(tu) chiedi
(adesso) lui CHIEDERE,(lui) chiede
(adesso) noi CHIEDERE,(noi) chiediamo
(adesso) voi CHIEDERE,(voi) chiedete
(adesso) loro CHIEDERE,(loro) chiedono
(ieri) loro CHIEDERE,(loro) chiedevano
(molto tempo fa) io CHIEDERE,(io) chiesi
(molto tempo fa) lui CHIEDERE,(lui) chiese
(domani) lui CHIEDERE,(lui) chiederà
(finito) noi CHIEDERE,(noi) abbiamo chiesto
(perchè ieri) loro CHIEDERE,(loro) avevano chiesto
(passato) se lei CHIEDERE,se (lei) avrebbe chiesto
(...ndo) ...  CHIEDERE,(... ) chiedendo
(passato ...ndo) CHIEDERE,(avendo) chiesto
(aggetivo) ...  CHIEDERE,(... ) chiedente
(per favore) ...  CHIEDERE,(... ) chiedi
(adesso) io TROVARE,(io) trovo
(adesso) tu TROVARE,(tu) trovi
(adesso) lui TROVARE,(lui) trova
(adesso) noi TROVARE,(noi) troviamo
(adesso) voi TROVARE,(voi) trovate
(adesso) loro TROVARE,(loro) trovano
(ieri) io TROVARE,(io) trovavo
(molto tempo fa) io TROVARE,(io) trovai
(molto tempo fa) tu TROVARE,(tu) trovasti
(domani) lei TROVARE,(lei) troverà
(finito) tu TROVARE,(tu) hai trovato
(perchè ieri) tu TROVARE,(tu) avevi trovato
(passato) se voi TROVARE,se (voi) avreste trovato
(...ndo) ...  TROVARE,(... ) trovando
(passato ...ndo) TROVARE,(avendo) trovato
(aggetivo) ...  TROVARE,(... ) trovante
(per favore) ...  TROVARE,(... ) trova
(adesso) io CREDERE,(io) credo
(adesso) tu CREDERE,(tu) credi
(adesso) lei CREDERE,(lei) crede
(adesso) noi CREDERE,(noi) crediamo
(adesso) voi CREDERE,(voi) credete
(adesso) loro CREDERE,(loro) credono
(ieri) tu CREDERE,(tu) credevi
(molto tempo fa) io CREDERE,(io) credetti/ei
(molto tempo fa) voi CREDERE,(voi) credeste
(domani) voi CREDERE,(voi) crederete
(finito) loro CREDERE,(loro) hanno creduto
(perchè ieri) tu CREDERE,(tu) avevi creduto
(passato) se io CREDERE,se (io) avrei creduto
(...ndo) ...  CREDERE,(... ) credendo
(passato ...ndo) CREDERE,(avendo) creduto
(aggetivo) ...  CREDERE,(... ) credente
(per favore) ...  CREDERE,(... ) credi
(adesso) io APRIRE,(io) apro
(adesso) tu APRIRE,(tu) apri
(adesso) lei APRIRE,(lei) apre
(adesso) noi APRIRE,(noi) apriamo
(adesso) voi APRIRE,(voi) aprite
(adesso) loro APRIRE,(loro) aprono
(ieri) tu APRIRE,(tu) aprivi
(molto tempo fa) io APRIRE,(io) aprii/ersi
(molto tempo fa) voi APRIRE,(voi) apriste
(domani) lei APRIRE,(lei) aprirà
(finito) voi APRIRE,(voi) avete aperto
(perchè ieri) loro APRIRE,(loro) avevano aperto
(passato) se lui APRIRE,se (lui) avrebbe aperto
(...ndo) ...  APRIRE,(... ) aprendo
(passato ...ndo) APRIRE,(avendo) aperto
(aggetivo) ...  APRIRE,(... ) aprente
(per favore) ...  APRIRE,(... ) apri
(adesso) io LAVORARE,(io) lavoro
(adesso) tu LAVORARE,(tu) lavori
(adesso) lui LAVORARE,(lui) lavora
(adesso) noi LAVORARE,(noi) lavoriamo
(adesso) voi LAVORARE,(voi) lavorate
(adesso) loro LAVORARE,(loro) lavorano
(ieri) voi LAVORARE,(voi) lavoravate
(molto tempo fa) io LAVORARE,(io) lavorai
(molto tempo fa) noi LAVORARE,(noi) lavorammo
(domani) noi LAVORARE,(noi) lavoreremo
(finito) io LAVORARE,(io) ho lavorato
(perchè ieri) voi LAVORARE,(voi) avevate lavorato
(passato) se loro LAVORARE,se (loro) avrebbero lavorato
(...ndo) ...  LAVORARE,(... ) lavorando
(passato ...ndo) LAVORARE,(avendo) lavorato
(aggetivo) ...  LAVORARE,(... ) lavorante
(per favore) ...  LAVORARE,(... ) lavora
(adesso) io PENSARE,(io) penso
(adesso) tu PENSARE,(tu) pensi
(adesso) lei PENSARE,(lei) pensa
(adesso) noi PENSARE,(noi) pensiamo
(adesso) voi PENSARE,(voi) pensate
(adesso) loro PENSARE,(loro) pensano
(ieri) loro PENSARE,(loro) pensavano
(molto tempo fa) io PENSARE,(io) pensai
(molto tempo fa) tu PENSARE,(tu) pensasti
(domani) io PENSARE,(io) penserò
(finito) io PENSARE,(io) ho pensato
(perchè ieri) noi PENSARE,(noi) avevamo pensato
(passato) se io PENSARE,se (io) avrei pensato
(...ndo) ...  PENSARE,(... ) pensando
(passato ...ndo) PENSARE,(avendo) pensato
(aggetivo) ...  PENSARE,(... ) pensante
(per favore) ...  PENSARE,(... ) pensa
(adesso) io CORRERE,(io) corro
(adesso) tu CORRERE,(tu) corri
(adesso) lui CORRERE,(lui) corre
(adesso) noi CORRERE,(noi) corriamo
(adesso) voi CORRERE,(voi) correte
(adesso) loro CORRERE,(loro) corrono
(ieri) tu CORRERE,(tu) correvi
(molto tempo fa) io CORRERE,(io) corsi
(molto tempo fa) loro CORRERE,(loro) corsero
(domani) tu CORRERE,(tu) correrai
(finito) voi CORRERE,(voi) avete corso
(perchè ieri) lui CORRERE,(lui) aveva corso
(passato) se tu CORRERE,se (tu) avresti corso
(...ndo) ...  CORRERE,(... ) correndo
(passato ...ndo) CORRERE,(essendo) corse
(aggetivo) ...  CORRERE,(... ) corrente
(per favore) ...  CORRERE,(... ) corri
(adesso) io TENERE,(io) tengo
(adesso) tu TENERE,(tu) tieni
(adesso) lei TENERE,(lei) tiene
(adesso) noi TENERE,(noi) teniamo
(adesso) voi TENERE,(voi) tenete
(adesso) loro TENERE,(loro) tengono
(ieri) loro TENERE,(loro) tenevano
(molto tempo fa) io TENERE,(io) tenni
(molto tempo fa) noi TENERE,(noi) tenemmo
(domani) tu TENERE,(tu) terrai
(finito) voi TENERE,(voi) avete tenuto
(perchè ieri) voi TENERE,(voi) avevate tenuto
(passato) se tu TENERE,se (tu) avresti tenuto
(...ndo) ...  TENERE,(... ) tenendo
(passato ...ndo) TENERE,(avendo) tenuto
(aggetivo) ...  TENERE,(... ) tenente
(per favore) ...  TENERE,(... ) tieni
(adesso) io GUARDARE,(io) guardo
(adesso) tu GUARDARE,(tu) guardi
(adesso) lui GUARDARE,(lui) guarda
(adesso) noi GUARDARE,(noi) guardiamo
(adesso) voi GUARDARE,(voi) guardate
(adesso) loro GUARDARE,(loro) guardano
(ieri) loro GUARDARE,(loro) guardavano
(molto tempo fa) io GUARDARE,(io) guardai
(molto tempo fa) lui GUARDARE,(lui) guardò
(domani) tu GUARDARE,(tu) guarderai
(finito) loro GUARDARE,(loro) hanno guardato
(perchè ieri) tu GUARDARE,(tu) avevi guardato
(passato) se loro GUARDARE,se (loro) avrebbero guardato
(...ndo) ...  GUARDARE,(... ) guardando
(passato ...ndo) GUARDARE,(avendo) guardato
(aggetivo) ...  GUARDARE,(... ) guardante
(per favore) ...  GUARDARE,(... ) guarda
(adesso) io TORNARE,(io) torno
(adesso) tu TORNARE,(tu) torni
(adesso) lui TORNARE,(lui) torna
(adesso) noi TORNARE,(noi) torniamo
(adesso) voi TORNARE,(voi) tornate
(adesso) loro TORNARE,(loro) tornano
(ieri) voi TORNARE,(voi) tornavate
(molto tempo fa) io TORNARE,(io) tornai
(molto tempo fa) voi TORNARE,(voi) tornaste
(domani) loro TORNARE,(loro) torneranno
(finito) voi TORNARE,(voi) siete tornati
(perchè ieri) voi TORNARE,(voi) eravate tornati
(passato) se lei TORNARE,se (lei) sarebbe tornata
(...ndo) ...  TORNARE,(... ) tornando
(passato ...ndo) TORNARE,(essendo) tornate
(aggetivo) ...  TORNARE,(... ) tornante
(per favore) ...  TORNARE,(... ) torna
(adesso) io SALIRE,(io) salgo
(adesso) tu SALIRE,(tu) sali
(adesso) lei SALIRE,(lei) sale
(adesso) noi SALIRE,(noi) saliamo
(adesso) voi SALIRE,(voi) salite
(adesso) loro SALIRE,(loro) salgono
(ieri) noi SALIRE,(noi) salivamo
(molto tempo fa) io SALIRE,(io) salii
(molto tempo fa) noi SALIRE,(noi) salimmo
(domani) voi SALIRE,(voi) salirete
(finito) voi SALIRE,(voi) siete saliti
(perchè ieri) voi SALIRE,(voi) eravate saliti
(passato) se loro SALIRE,se (loro) sarebbero salite
(...ndo) ...  SALIRE,(... ) salendo
(passato ...ndo) SALIRE,(essendo) salito
(aggetivo) ...  SALIRE,(... ) salente/iente
(per favore) ...  SALIRE,(... ) sali
(adesso) io PREFERIRE,(io) preferisco
(adesso) tu PREFERIRE,(tu) preferisci
(adesso) lui PREFERIRE,(lui) preferisce
(adesso) noi PREFERIRE,(noi) preferiamo
(adesso) voi PREFERIRE,(voi) preferite
(adesso) loro PREFERIRE,(loro) preferiscono
(ieri) loro PREFERIRE,(loro) preferivano
(molto tempo fa) io PREFERIRE,(io) preferii
(molto tempo fa) voi PREFERIRE,(voi) preferiste
(domani) io PREFERIRE,(io) preferirò
(finito) lui PREFERIRE,(lui) ha preferito
(perchè ieri) lui PREFERIRE,(lui) aveva preferito
(passato) se noi PREFERIRE,se (noi) avremmo preferito
(...ndo) ...  PREFERIRE,(... ) preferendo
(passato ...ndo) PREFERIRE,(avendo) preferito
(aggetivo) ...  PREFERIRE,(... ) preferente
(per favore) ...  PREFERIRE,(... ) preferisci
(adesso) io MORIRE,(io) muoio
(adesso) tu MORIRE,(tu) muori
(adesso) lei MORIRE,(lei) muore
(adesso) noi MORIRE,(noi) moriamo
(adesso) voi MORIRE,(voi) morite
(adesso) loro MORIRE,(loro) muoiono
(ieri) lei MORIRE,(lei) moriva
(molto tempo fa) io MORIRE,(io) morii
(molto tempo fa) voi MORIRE,(voi) moriste
(domani) tu MORIRE,(tu) morirai
(finito) voi MORIRE,(voi) siete morti
(perchè ieri) lei MORIRE,(lei) era morta
(passato) se noi MORIRE,se (noi) saremmo morti
(...ndo) ...  MORIRE,(... ) morendo
(passato ...ndo) MORIRE,(essendo) morte
(aggetivo) ...  MORIRE,(... ) morente
(per favore) ...  MORIRE,(... ) muori
(adesso) io ASPETTARE,(io) aspetto
(adesso) tu ASPETTARE,(tu) aspetti
(adesso) lei ASPETTARE,(lei) aspetta
(adesso) noi ASPETTARE,(noi) aspettiamo
(adesso) voi ASPETTARE,(voi) aspettate
(adesso) loro ASPETTARE,(loro) aspettano
(ieri) lui ASPETTARE,(lui) aspettava
(molto tempo fa) io ASPETTARE,(io) aspettai
(molto tempo fa) loro ASPETTARE,(loro) aspettarono
(domani) voi ASPETTARE,(voi) aspetterete
(finito) tu ASPETTARE,(tu) hai aspettato
(perchè ieri) tu ASPETTARE,(tu) avevi aspettato
(passato) se lui ASPETTARE,se (lui) avrebbe aspettato
(...ndo) ...  ASPETTARE,(... ) aspettando
(passato ...ndo) ASPETTARE,(avendo) aspettato
(aggetivo) ...  ASPETTARE,(... ) aspettante
(per favore) ...  ASPETTARE,(... ) aspetta
(adesso) io COMPRARE,(io) compro
(adesso) tu COMPRARE,(tu) compri
(adesso) lui COMPRARE,(lui) compra
(adesso) noi COMPRARE,(noi) compriamo
(adesso) voi COMPRARE,(voi) comprate
(adesso) loro COMPRARE,(loro) comprano
(ieri) tu COMPRARE,(tu) compravi
(molto tempo fa) io COMPRARE,(io) comprai
(molto tempo fa) noi COMPRARE,(noi) comprammo
(domani) voi COMPRARE,(voi) comprerete
(finito) io COMPRARE,(io) ho comprato
(perchè ieri) loro COMPRARE,(loro) avevano comprato
(passato) se voi COMPRARE,se (voi) avreste comprato
(...ndo) ...  COMPRARE,(... ) comprando
(passato ...ndo) COMPRARE,(avendo) comprato
(aggetivo) ...  COMPRARE,(... ) comprante
(per favore) ...  COMPRARE,(... ) compra
(adesso) io NASCERE,(io) nasco
(adesso) tu NASCERE,(tu) nasci
(adesso) lui NASCERE,(lui) nasce
(adesso) noi NASCERE,(noi) nasciamo
(adesso) voi NASCERE,(voi) nascete
(adesso) loro NASCERE,(loro) nascono
(ieri) voi NASCERE,(voi) nascevate
(molto tempo fa) io NASCERE,(io) nacqui
(molto tempo fa) noi NASCERE,(noi) nascemmo
(domani) lui NASCERE,(lui) nascerà
(finito) loro NASCERE,(loro) sono nate
(perchè ieri) noi NASCERE,(noi) eravamo nati
(passato) se lui NASCERE,se (lui) sarebbe nato
(...ndo) ...  NASCERE,(... ) nascendo
(passato ...ndo) NASCERE,(essendo) nata
(aggetivo) ...  NASCERE,(... ) nascente
(per favore) ...  NASCERE,(... ) nasci
(adesso) io CERCARE,(io) cerco
(adesso) tu CERCARE,(tu) cerchi
(adesso) lui CERCARE,(lui) cerca
(adesso) noi CERCARE,(noi) cerchiamo
(adesso) voi CERCARE,(voi) cercate
(adesso) loro CERCARE,(loro) cercano
(ieri) voi CERCARE,(voi) cercavate
(molto tempo fa) io CERCARE,(io) cercai
(molto tempo fa) loro CERCARE,(loro) cercarono
(domani) tu CERCARE,(tu) cercherai
(finito) io CERCARE,(io) ho cercato
(perchè ieri) tu CERCARE,(tu) avevi cercato
(passato) se io CERCARE,se (io) avrei cercato
(...ndo) ...  CERCARE,(... ) cercando
(passato ...ndo) CERCARE,(avendo) cercato
(aggetivo) ...  CERCARE,(... ) cercante
(per favore) ...  CERCARE,(... ) cerca
(adesso) io PERDERE,(io) perdo
(adesso) tu PERDERE,(tu) perdi
(adesso) lui PERDERE,(lui) perde
(adesso) noi PERDERE,(noi) perdiamo
(adesso) voi PERDERE,(voi) perdete
(adesso) loro PERDERE,(loro) perdono
(ieri) noi PERDERE,(noi) perdevamo
(molto tempo fa) io PERDERE,(io) persi
(molto tempo fa) voi PERDERE,(voi) perdeste
(domani) tu PERDERE,(tu) perderai
(finito) tu PERDERE,(tu) hai perso
(perchè ieri) loro PERDERE,(loro) avevano perso
(passato) se lui PERDERE,se (lui) avrebbe perso
(...ndo) ...  PERDERE,(... ) perdendo
(passato ...ndo) PERDERE,(avendo) perso
(aggetivo) ...  PERDERE,(... ) perdente
(per favore) ...  PERDERE,(... ) perdi
(adesso) io CANTARE,(io) canto
(adesso) tu CANTARE,(tu) canti
(adesso) lui CANTARE,(lui) canta
(adesso) noi CANTARE,(noi) cantiamo
(adesso) voi CANTARE,(voi) cantate
(adesso) loro CANTARE,(loro) cantano
(ieri) noi CANTARE,(noi) cantavamo
(molto tempo fa) io CANTARE,(io) cantai
(molto tempo fa) voi CANTARE,(voi) cantaste
(domani) noi CANTARE,(noi) canteremo
(finito) tu CANTARE,(tu) hai cantato
(perchè ieri) io CANTARE,(io) avevo cantato
(passato) se voi CANTARE,se (voi) avreste cantato
(...ndo) ...  CANTARE,(... ) cantando
(passato ...ndo) CANTARE,(avendo) cantato
(aggetivo) ...  CANTARE,(... ) cantante
(per favore) ...  CANTARE,(... ) canta
(adesso) io PASSARE,(io) passo
(adesso) tu PASSARE,(tu) passi
(adesso) lui PASSARE,(lui) passa
(adesso) noi PASSARE,(noi) passiamo
(adesso) voi PASSARE,(voi) passate
(adesso) loro PASSARE,(loro) passano
(ieri) io PASSARE,(io) passavo
(molto tempo fa) io PASSARE,(io) passai
(molto tempo fa) voi PASSARE,(voi) passaste
(domani) io PASSARE,(io) passerò
(finito) voi PASSARE,(voi) avete passato
(perchè ieri) lui PASSARE,(lui) aveva passato
(passato) se loro PASSARE,se (loro) sarebbero passati
(...ndo) ...  PASSARE,(... ) passando
(passato ...ndo) PASSARE,(essendo) passati
(aggetivo) ...  PASSARE,(... ) passante
(per favore) ...  PASSARE,(... ) passa
(adesso) io COMINCIARE,(io) comincio
(adesso) tu COMINCIARE,(tu) cominci
(adesso) lei COMINCIARE,(lei) comincia
(adesso) noi COMINCIARE,(noi) cominciamo
(adesso) voi COMINCIARE,(voi) cominciate
(adesso) loro COMINCIARE,(loro) cominciano
(ieri) io COMINCIARE,(io) cominciavo
(molto tempo fa) io COMINCIARE,(io) cominciai
(molto tempo fa) tu COMINCIARE,(tu) cominciasti
(domani) voi COMINCIARE,(voi) comincerete
(finito) noi COMINCIARE,(noi) abbiamo cominciato
(perchè ieri) io COMINCIARE,(io) avevo cominciato
(passato) se io COMINCIARE,se (io) avrei cominciato
(...ndo) ...  COMINCIARE,(... ) cominciando
(passato ...ndo) COMINCIARE,(avendo) cominciato
(aggetivo) ...  COMINCIARE,(... ) cominciante
(per favore) ...  COMINCIARE,(... ) comincia
(adesso) io ASCOLTARE,(io) ascolto
(adesso) tu ASCOLTARE,(tu) ascolti
(adesso) lei ASCOLTARE,(lei) ascolta
(adesso) noi ASCOLTARE,(noi) ascoltiamo
(adesso) voi ASCOLTARE,(voi) ascoltate
(adesso) loro ASCOLTARE,(loro) ascoltano
(ieri) lei ASCOLTARE,(lei) ascoltava
(molto tempo fa) io ASCOLTARE,(io) ascoltai
(molto tempo fa) tu ASCOLTARE,(tu) ascoltasti
(domani) io ASCOLTARE,(io) ascolterò
(finito) lei ASCOLTARE,(lei) ha ascoltato
(perchè ieri) tu ASCOLTARE,(tu) avevi ascoltato
(passato) se io ASCOLTARE,se (io) avrei ascoltato
(...ndo) ...  ASCOLTARE,(... ) ascoltando
(passato ...ndo) ASCOLTARE,(avendo) ascoltato
(aggetivo) ...  ASCOLTARE,(... ) ascoltante
(per favore) ...  ASCOLTARE,(... ) ascolta
(adesso) io RIUSCIRE,(io) riesco
(adesso) tu RIUSCIRE,(tu) riesci
(adesso) lei RIUSCIRE,(lei) riesce
(adesso) noi RIUSCIRE,(noi) riusciamo
(adesso) voi RIUSCIRE,(voi) riuscite
(adesso) loro RIUSCIRE,(loro) riescono
(ieri) voi RIUSCIRE,(voi) riuscivate
(molto tempo fa) io RIUSCIRE,(io) riuscii
(molto tempo fa) loro RIUSCIRE,(loro) riuscirono
(domani) io RIUSCIRE,(io) riuscirò
(finito) tu RIUSCIRE,(tu) sei riuscito
(perchè ieri) voi RIUSCIRE,(voi) eravate riusciti
(passato) se noi RIUSCIRE,se (noi) saremmo riusciti
(...ndo) ...  RIUSCIRE,(... ) riuscendo
(passato ...ndo) RIUSCIRE,(essendo) riuscite
(aggetivo) ...  RIUSCIRE,(... ) riuscente
(per favore) ...  RIUSCIRE,(... ) riesci
(adesso) io DECIDERE,(io) decido
(adesso) tu DECIDERE,(tu) decidi
(adesso) lei DECIDERE,(lei) decide
(adesso) noi DECIDERE,(noi) decidiamo
(adesso) voi DECIDERE,(voi) decidete
(adesso) loro DECIDERE,(loro) decidono
(ieri) lui DECIDERE,(lui) decideva
(molto tempo fa) io DECIDERE,(io) decisi
(molto tempo fa) tu DECIDERE,(tu) decidesti
(domani) voi DECIDERE,(voi) deciderete
(finito) voi DECIDERE,(voi) avete deciso
(perchè ieri) io DECIDERE,(io) avevo deciso
(passato) se tu DECIDERE,se (tu) avresti deciso
(...ndo) ...  DECIDERE,(... ) decidendo
(passato ...ndo) DECIDERE,(avendo) deciso
(aggetivo) ...  DECIDERE,(... ) decidente
(per favore) ...  DECIDERE,(... ) decidi
(adesso) io ABITARE,(io) abito
(adesso) tu ABITARE,(tu) abiti
(adesso) lei ABITARE,(lei) abita
(adesso) noi ABITARE,(noi) abitiamo
(adesso) voi ABITARE,(voi) abitate
(adesso) loro ABITARE,(loro) abitano
(ieri) lui ABITARE,(lui) abitava
(molto tempo fa) io ABITARE,(io) abitai
(molto tempo fa) loro ABITARE,(loro) abitarono
(domani) loro ABITARE,(loro) abiteranno
(finito) voi ABITARE,(voi) avete abitato
(perchè ieri) io ABITARE,(io) avevo abitato
(passato) se voi ABITARE,se (voi) avreste abitato
(...ndo) ...  ABITARE,(... ) abitando
(passato ...ndo) ABITARE,(avendo) abitato
(aggetivo) ...  ABITARE,(... ) abitante
(per favore) ...  ABITARE,(... ) abita
(adesso) io CADERE,(io) cado
(adesso) tu CADERE,(tu) cadi
(adesso) lui CADERE,(lui) cade
(adesso) noi CADERE,(noi) cadiamo
(adesso) voi CADERE,(voi) cadete
(adesso) loro CADERE,(loro) cadono
(ieri) loro CADERE,(loro) cadevano
(molto tempo fa) io CADERE,(io) caddi
(molto tempo fa) noi CADERE,(noi) cademmo
(domani) io CADERE,(io) cadrò
(finito) loro CADERE,(loro) sono caduti
(perchè ieri) noi CADERE,(noi) eravamo caduti
(passato) se lei CADERE,se (lei) sarebbe caduta
(...ndo) ...  CADERE,(... ) cadendo
(passato ...ndo) CADERE,(essendo) cadute
(aggetivo) ...  CADERE,(... ) cadente
(per favore) ...  CADERE,(... ) cadi
(adesso) io CHIUDERE,(io) chiudo
(adesso) tu CHIUDERE,(tu) chiudi
(adesso) lui CHIUDERE,(lui) chiude
(adesso) noi CHIUDERE,(noi) chiudiamo
(adesso) voi CHIUDERE,(voi) chiudete
(adesso) loro CHIUDERE,(loro) chiudono
(ieri) lei CHIUDERE,(lei) chiudeva
(molto tempo fa) io CHIUDERE,(io) chiusi
(molto tempo fa) tu CHIUDERE,(tu) chiudesti
(domani) loro CHIUDERE,(loro) chiuderanno
(finito) tu CHIUDERE,(tu) hai chiuso
(perchè ieri) loro CHIUDERE,(loro) avevano chiuso
(passato) se io CHIUDERE,se (io) avrei chiuso
(...ndo) ...  CHIUDERE,(... ) chiudendo
(passato ...ndo) CHIUDERE,(avendo) chiuso
(aggetivo) ...  CHIUDERE,(... ) chiudente
(per favore) ...  CHIUDERE,(... ) chiudi
(adesso) io LASCIARE,(io) lascio
(adesso) tu LASCIARE,(tu) lasci
(adesso) lei LASCIARE,(lei) lascia
(adesso) noi LASCIARE,(noi) lasciamo
(adesso) voi LASCIARE,(voi) lasciate
(adesso) loro LASCIARE,(loro) lasciano
(ieri) lei LASCIARE,(lei) lasciava
(molto tempo fa) io LASCIARE,(io) lasciai
(molto tempo fa) lei LASCIARE,(lei) lasciò
(domani) tu LASCIARE,(tu) lascerai
(finito) lui LASCIARE,(lui) ha lasciato
(perchè ieri) noi LASCIARE,(noi) avevamo lasciato
(passato) se tu LASCIARE,se (tu) avresti lasciato
(...ndo) ...  LASCIARE,(... ) lasciando
(passato ...ndo) LASCIARE,(avendo) lasciato
(aggetivo) ...  LASCIARE,(... ) lasciante
(per favore) ...  LASCIARE,(... ) lascia
(adesso) io SCEGLIERE,(io) scelgo
(adesso) tu SCEGLIERE,(tu) scegli
(adesso) lui SCEGLIERE,(lui) sceglie
(adesso) noi SCEGLIERE,(noi) scegliamo
(adesso) voi SCEGLIERE,(voi) scegliete
(adesso) loro SCEGLIERE,(loro) scelgono
(ieri) voi SCEGLIERE,(voi) sceglievate
(molto tempo fa) io SCEGLIERE,(io) scelsi
(molto tempo fa) voi SCEGLIERE,(voi) sceglieste
(domani) io SCEGLIERE,(io) sceglierò
(finito) io SCEGLIERE,(io) ho scelto
(perchè ieri) io SCEGLIERE,(io) avevo scelto
(passato) se voi SCEGLIERE,se (voi) avreste scelto
(...ndo) ...  SCEGLIERE,(... ) scegliendo
(passato ...ndo) SCEGLIERE,(avendo) scelto
(aggetivo) ...  SCEGLIERE,(... ) scegliente
(per favore) ...  SCEGLIERE,(... ) scegli
(adesso) io PORTARE,(io) porto
(adesso) tu PORTARE,(tu) porti
(adesso) lui PORTARE,(lui) porta
(adesso) noi PORTARE,(noi) portiamo
(adesso) voi PORTARE,(voi) portate
(adesso) loro PORTARE,(loro) portano
(ieri) io PORTARE,(io) portavo
(molto tempo fa) io PORTARE,(io) portai
(molto tempo fa) voi PORTARE,(voi) portaste
(domani) io PORTARE,(io) porterò
(finito) lei PORTARE,(lei) ha portato
(perchè ieri) tu PORTARE,(tu) avevi portato
(passato) se lei PORTARE,se (lei) avrebbe portato
(...ndo) ...  PORTARE,(... ) portando
(passato ...ndo) PORTARE,(avendo) portato
(aggetivo) ...  PORTARE,(... ) portante
(per favore) ...  PORTARE,(... ) porta
(adesso) io RICEVERE,(io) ricevo
(adesso) tu RICEVERE,(tu) ricevi
(adesso) lui RICEVERE,(lui) riceve
(adesso) noi RICEVERE,(noi) riceviamo
(adesso) voi RICEVERE,(voi) ricevete
(adesso) loro RICEVERE,(loro) ricevono
(ieri) tu RICEVERE,(tu) ricevevi
(molto tempo fa) io RICEVERE,(io) ricevetti/ei
(molto tempo fa) loro RICEVERE,(loro) ricevettero/erono
(domani) lei RICEVERE,(lei) riceverà
(finito) noi RICEVERE,(noi) abbiamo ricevuto
(perchè ieri) loro RICEVERE,(loro) avevano ricevuto
(passato) se noi RICEVERE,se (noi) avremmo ricevuto
(...ndo) ...  RICEVERE,(... ) ricevendo
(passato ...ndo) RICEVERE,(avendo) ricevuto
(aggetivo) ...  RICEVERE,(... ) ricevente
(per favore) ...  RICEVERE,(... ) ricevi
(adesso) io LAVARSI,(io) mi lavo
(adesso) tu LAVARSI,(tu) ti lavi
(adesso) lei LAVARSI,(lei) si lava
(adesso) noi LAVARSI,(noi) ci laviamo
(adesso) voi LAVARSI,(voi) vi lavate
(adesso) loro LAVARSI,(loro) si lavano
(ieri) io LAVARSI,(io) mi lavavo
(molto tempo fa) io LAVARSI,(io) mi lavai
(molto tempo fa) lei LAVARSI,(lei) si lavò
(domani) loro LAVARSI,(loro) si laveranno
(finito) lui LAVARSI,(lui) si è lavato
(perchè ieri) noi LAVARSI,(noi) ci eravamo lavati
(passato) se voi LAVARSI,se (voi) vi sareste lavati
(...ndo) ...  LAVARSI,(... ) lavandosi
(passato ...ndo) LAVARSI,(essendosi) lavato
(aggetivo) ...  LAVARSI,(... ) lavantesi
(per favore) ...  LAVARSI,(... ) lavati
(adesso) io RISPONDERE,(io) rispondo
(adesso) tu RISPONDERE,(tu) rispondi
(adesso) lei RISPONDERE,(lei) risponde
(adesso) noi RISPONDERE,(noi) rispondiamo
(adesso) voi RISPONDERE,(voi) rispondete
(adesso) loro RISPONDERE,(loro) rispondono
(ieri) tu RISPONDERE,(tu) rispondevi
(molto tempo fa) io RISPONDERE,(io) risposi
(molto tempo fa) noi RISPONDERE,(noi) rispondemmo
(domani) voi RISPONDERE,(voi) risponderete
(finito) noi RISPONDERE,(noi) abbiamo risposto
(perchè ieri) noi RISPONDERE,(noi) avevamo risposto
(passato) se voi RISPONDERE,se (voi) avreste risposto
(...ndo) ...  RISPONDERE,(... ) rispondendo
(passato ...ndo) RISPONDERE,(avendo) risposto
(aggetivo) ...  RISPONDERE,(... ) rispondente
(per favore) ...  RISPONDERE,(... ) rispondi
(adesso) io SEDERSI,(io) mi sièdo/èggo
(adesso) tu SEDERSI,(tu) ti sièdi
(adesso) lui SEDERSI,(lui) si siède
(adesso) noi SEDERSI,(noi) ci sediamo
(adesso) voi SEDERSI,(voi) vi sedete
(adesso) loro SEDERSI,(loro) si sièdono/èggono
(ieri) noi SEDERSI,(noi) ci sedevamo
(molto tempo fa) io SEDERSI,(io) mi sedei/edetti
(molto tempo fa) loro SEDERSI,(loro) si sederono/edettero
(domani) voi SEDERSI,(voi) vi sederete/iederete
(finito) io SEDERSI,(io) mi sono seduto
(perchè ieri) loro SEDERSI,(loro) si erano seduti
(passato) se voi SEDERSI,se (voi) vi sareste seduti
(...ndo) ...  SEDERSI,(... ) sedendosi
(passato ...ndo) SEDERSI,(essendosi) sedute
(aggetivo) ...  SEDERSI,(... ) sedentesi
(per favore) ...  SEDERSI,(... ) sièditi
(adesso) io VINCERE,(io) vinco
(adesso) tu VINCERE,(tu) vinci
(adesso) lei VINCERE,(lei) vince
(adesso) noi VINCERE,(noi) vinciamo
(adesso) voi VINCERE,(voi) vincete
(adesso) loro VINCERE,(loro) vincono
(ieri) voi VINCERE,(voi) vincevate
(molto tempo fa) io VINCERE,(io) vinsi
(molto tempo fa) lei VINCERE,(lei) vinse
(domani) noi VINCERE,(noi) vinceremo
(finito) lei VINCERE,(lei) ha vinto
(perchè ieri) io VINCERE,(io) avevo vinto
(passato) se noi VINCERE,se (noi) avremmo vinto
(...ndo) ...  VINCERE,(... ) vincendo
(passato ...ndo) VINCERE,(avendo) vinto
(aggetivo) ...  VINCERE,(... ) vincente
(per favore) ...  VINCERE,(... ) vinci
(adesso) io PAGARE,(io) pago
(adesso) tu PAGARE,(tu) paghi
(adesso) lui PAGARE,(lui) paga
(adesso) noi PAGARE,(noi) paghiamo
(adesso) voi PAGARE,(voi) pagate
(adesso) loro PAGARE,(loro) pagano
(ieri) loro PAGARE,(loro) pagavano
(molto tempo fa) io PAGARE,(io) pagai
(molto tempo fa) loro PAGARE,(loro) pagarono
(domani) tu PAGARE,(tu) pagherai
(finito) noi PAGARE,(noi) abbiamo pagato
(perchè ieri) tu PAGARE,(tu) avevi pagato
(passato) se tu PAGARE,se (tu) avresti pagato
(...ndo) ...  PAGARE,(... ) pagando
(passato ...ndo) PAGARE,(avendo) pagato
(aggetivo) ...  PAGARE,(... ) pagante
(per favore) ...  PAGARE,(... ) paga
(adesso) io ALZARSI,(io) mi alzo
(adesso) tu ALZARSI,(tu) ti alzi
(adesso) lei ALZARSI,(lei) si alza
(adesso) noi ALZARSI,(noi) ci alziamo
(adesso) voi ALZARSI,(voi) vi alzate
(adesso) loro ALZARSI,(loro) si alzano
(ieri) loro ALZARSI,(loro) si alzavano
(molto tempo fa) io ALZARSI,(io) mi alzai
(molto tempo fa) noi ALZARSI,(noi) ci alzammo
(domani) lui ALZARSI,(lui) si alzerà
(finito) voi ALZARSI,(voi) vi siete alzati
(perchè ieri) voi ALZARSI,(voi) vi eravate alzati
(passato) se tu ALZARSI,se (tu) ti saresti alzato
(...ndo) ...  ALZARSI,(... ) alzandosi
(passato ...ndo) ALZARSI,(essendosi) alzato
(aggetivo) ...  ALZARSI,(... ) alzantesi
(per favore) ...  ALZARSI,(... ) alzati
(adesso) io RIDERE,(io) rido
(adesso) tu RIDERE,(tu) ridi
(adesso) lei RIDERE,(lei) ride
(adesso) noi RIDERE,(noi) ridiamo
(adesso) voi RIDERE,(voi) ridete
(adesso) loro RIDERE,(loro) ridono
(ieri) voi RIDERE,(voi) ridevate
(molto tempo fa) io RIDERE,(io) risi
(molto tempo fa) noi RIDERE,(noi) ridemmo
(domani) voi RIDERE,(voi) riderete
(finito) io RIDERE,(io) ho riso
(perchè ieri) io RIDERE,(io) avevo riso
(passato) se noi RIDERE,se (noi) avremmo riso
(...ndo) ...  RIDERE,(... ) ridendo
(passato ...ndo) RIDERE,(avendo) riso
(aggetivo) ...  RIDERE,(... ) ridente
(per favore) ...  RIDERE,(... ) ridi
(adesso) io SCENDERE,(io) scendo
(adesso) tu SCENDERE,(tu) scendi
(adesso) lei SCENDERE,(lei) scende
(adesso) noi SCENDERE,(noi) scendiamo
(adesso) voi SCENDERE,(voi) scendete
(adesso) loro SCENDERE,(loro) scendono
(ieri) voi SCENDERE,(voi) scendevate
(molto tempo fa) io SCENDERE,(io) scesi
(molto tempo fa) tu SCENDERE,(tu) scendesti
(domani) tu SCENDERE,(tu) scenderai
(finito) io SCENDERE,(io) ho sceso
(perchè ieri) loro SCENDERE,(loro) erano scesi
(passato) se loro SCENDERE,se (loro) avrebbero sceso
(...ndo) ...  SCENDERE,(... ) scendendo
(passato ...ndo) SCENDERE,(avendo) sceso
(aggetivo) ...  SCENDERE,(... ) scendente
(per favore) ...  SCENDERE,(... ) scendi
(adesso) io INCONTRARE,(io) incontro
(adesso) tu INCONTRARE,(tu) incontri
(adesso) lui INCONTRARE,(lui) incontra
(adesso) noi INCONTRARE,(noi) incontriamo
(adesso) voi INCONTRARE,(voi) incontrate
(adesso) loro INCONTRARE,(loro) incontrano
(ieri) loro INCONTRARE,(loro) incontravano
(molto tempo fa) io INCONTRARE,(io) incontrai
(molto tempo fa) tu INCONTRARE,(tu) incontrasti
(domani) io INCONTRARE,(io) incontrerò
(finito) tu INCONTRARE,(tu) hai incontrato
(perchè ieri) noi INCONTRARE,(noi) avevamo incontrato
(passato) se loro INCONTRARE,se (loro) avrebbero incontrato
(...ndo) ...  INCONTRARE,(... ) incontrando
(passato ...ndo) INCONTRARE,(avendo) incontrato
(aggetivo) ...  INCONTRARE,(... ) incontrante
(per favore) ...  INCONTRARE,(... ) incontra
(adesso) io OFFRIRE,(io) offro
(adesso) tu OFFRIRE,(tu) offri
(adesso) lei OFFRIRE,(lei) offre
(adesso) noi OFFRIRE,(noi) offriamo
(adesso) voi OFFRIRE,(voi) offrite
(adesso) loro OFFRIRE,(loro) offrono
(ieri) loro OFFRIRE,(loro) offrivano
(molto tempo fa) io OFFRIRE,(io) offrii/ersi
(molto tempo fa) noi OFFRIRE,(noi) offrimmo
(domani) io OFFRIRE,(io) offrirò
(finito) lei OFFRIRE,(lei) ha offerto
(perchè ieri) lei OFFRIRE,(lei) aveva offerto
(passato) se io OFFRIRE,se (io) avrei offerto
(...ndo) ...  OFFRIRE,(... ) offrendo
(passato ...ndo) OFFRIRE,(avendo) offerto
(aggetivo) ...  OFFRIRE,(... ) offrente
(per favore) ...  OFFRIRE,(... ) offri
(adesso) io IMPARARE,(io) imparo
(adesso) tu IMPARARE,(tu) impari
(adesso) lui IMPARARE,(lui) impara
(adesso) noi IMPARARE,(noi) impariamo
(adesso) voi IMPARARE,(voi) imparate
(adesso) loro IMPARARE,(loro) imparano
(ieri) io IMPARARE,(io) imparavo
(molto tempo fa) io IMPARARE,(io) imparai
(molto tempo fa) loro IMPARARE,(loro) impararono
(domani) io IMPARARE,(io) imparerò
(finito) io IMPARARE,(io) ho imparato
(perchè ieri) loro IMPARARE,(loro) avevano imparato
(passato) se noi IMPARARE,se (noi) avremmo imparato
(...ndo) ...  IMPARARE,(... ) imparando
(passato ...ndo) IMPARARE,(avendo) imparato
(aggetivo) ...  IMPARARE,(... ) imparante
(per favore) ...  IMPARARE,(... ) impara
(adesso) io DIMENTICARE,(io) dimentico
(adesso) tu DIMENTICARE,(tu) dimentichi
(adesso) lei DIMENTICARE,(lei) dimentica
(adesso) noi DIMENTICARE,(noi) dimentichiamo
(adesso) voi DIMENTICARE,(voi) dimenticate
(adesso) loro DIMENTICARE,(loro) dimenticano
(ieri) lei DIMENTICARE,(lei) dimenticava
(molto tempo fa) io DIMENTICARE,(io) dimenticai
(molto tempo fa) noi DIMENTICARE,(noi) dimenticammo
(domani) voi DIMENTICARE,(voi) dimenticherete
(finito) io DIMENTICARE,(io) ho dimenticato
(perchè ieri) voi DIMENTICARE,(voi) avevate dimenticato
(passato) se noi DIMENTICARE,se (noi) avremmo dimenticato
(...ndo) ...  DIMENTICARE,(... ) dimenticando
(passato ...ndo) DIMENTICARE,(avendo) dimenticato
(aggetivo) ...  DIMENTICARE,(... ) dimenticante
(per favore) ...  DIMENTICARE,(... ) dimentica
(adesso) io SVEGLIARSI,(io) mi sveglio
(adesso) tu SVEGLIARSI,(tu) ti svegli
(adesso) lei SVEGLIARSI,(lei) si sveglia
(adesso) noi SVEGLIARSI,(noi) ci svegliamo
(adesso) voi SVEGLIARSI,(voi) vi svegliate
(adesso) loro SVEGLIARSI,(loro) si svegliano
(ieri) loro SVEGLIARSI,(loro) si svegliavano
(molto tempo fa) io SVEGLIARSI,(io) mi svegliai
(molto tempo fa) noi SVEGLIARSI,(noi) ci svegliammo
(domani) loro SVEGLIARSI,(loro) si sveglieranno
(finito) lei SVEGLIARSI,(lei) si è svegliata
(perchè ieri) io SVEGLIARSI,(io) mi ero svegliato
(passato) se noi SVEGLIARSI,se (noi) ci saremmo svegliati
(...ndo) ...  SVEGLIARSI,(... ) svegliandosi
(passato ...ndo) SVEGLIARSI,(essendosi) svegliato
(aggetivo) ...  SVEGLIARSI,(... ) svegliantesi
(per favore) ...  SVEGLIARSI,(... ) svegliati
(adesso) io CRESCERE,(io) cresco
(adesso) tu CRESCERE,(tu) cresci
(adesso) lei CRESCERE,(lei) cresce
(adesso) noi CRESCERE,(noi) cresciamo
(adesso) voi CRESCERE,(voi) crescete
(adesso) loro CRESCERE,(loro) crescono
(ieri) lei CRESCERE,(lei) cresceva
(molto tempo fa) io CRESCERE,(io) crebbi
(molto tempo fa) noi CRESCERE,(noi) crescemmo
(domani) loro CRESCERE,(loro) cresceranno
(finito) tu CRESCERE,(tu) sei cresciuto
(perchè ieri) noi CRESCERE,(noi) eravamo cresciuti
(passato) se loro CRESCERE,se (loro) sarebbero cresciuti
(...ndo) ...  CRESCERE,(... ) crescendo
(passato ...ndo) CRESCERE,(essendo) cresciuti
(aggetivo) ...  CRESCERE,(... ) crescente
(per favore) ...  CRESCERE,(... ) cresci
(adesso) io VENDERE,(io) vendo
(adesso) tu VENDERE,(tu) vendi
(adesso) lei VENDERE,(lei) vende
(adesso) noi VENDERE,(noi) vendiamo
(adesso) voi VENDERE,(voi) vendete
(adesso) loro VENDERE,(loro) vendono
(ieri) loro VENDERE,(loro) vendevano
(molto tempo fa) io VENDERE,(io) vendetti
(molto tempo fa) voi VENDERE,(voi) vendeste
(domani) noi VENDERE,(noi) venderemo
(finito) lei VENDERE,(lei) ha venduto
(perchè ieri) io VENDERE,(io) avevo venduto
(passato) se loro VENDERE,se (loro) avrebbero venduto
(...ndo) ...  VENDERE,(... ) vendendo
(passato ...ndo) VENDERE,(avendo) venduto
(aggetivo) ...  VENDERE,(... ) vendente
(per favore) ...  VENDERE,(... ) vendi
(adesso) io DIVERTIRSI,(io) mi diverto
(adesso) tu DIVERTIRSI,(tu) ti diverti
(adesso) lei DIVERTIRSI,(lei) si diverte
(adesso) noi DIVERTIRSI,(noi) ci divertiamo
(adesso) voi DIVERTIRSI,(voi) vi divertite
(adesso) loro DIVERTIRSI,(loro) si divertono
(ieri) io DIVERTIRSI,(io) mi divertivo
(molto tempo fa) io DIVERTIRSI,(io) mi divertii
(molto tempo fa) noi DIVERTIRSI,(noi) ci divertimmo
(domani) io DIVERTIRSI,(io) mi divertirò
(finito) loro DIVERTIRSI,(loro) si sono divertite
(perchè ieri) lui DIVERTIRSI,(lui) si era divertito
(passato) se io DIVERTIRSI,se (io) mi sarei divertito
(...ndo) ...  DIVERTIRSI,(... ) divertendosi
(passato ...ndo) DIVERTIRSI,(essendosi) divertito
(aggetivo) ...  DIVERTIRSI,(... ) divertentesi
(per favore) ...  DIVERTIRSI,(... ) divertiti
(adesso) io DIVENTARE,(io) divento
(adesso) tu DIVENTARE,(tu) diventi
(adesso) lei DIVENTARE,(lei) diventa
(adesso) noi DIVENTARE,(noi) diventiamo
(adesso) voi DIVENTARE,(voi) diventate
(adesso) loro DIVENTARE,(loro) diventano
(ieri) loro DIVENTARE,(loro) diventavano
(molto tempo fa) io DIVENTARE,(io) diventai
(molto tempo fa) tu DIVENTARE,(tu) diventasti
(domani) io DIVENTARE,(io) diventerò
(finito) lui DIVENTARE,(lui) è diventato
(perchè ieri) lui DIVENTARE,(lui) era diventato
(passato) se voi DIVENTARE,se (voi) sareste diventati
(...ndo) ...  DIVENTARE,(... ) diventando
(passato ...ndo) DIVENTARE,(essendo) diventata
(aggetivo) ...  DIVENTARE,(... ) diventante
(per favore) ...  DIVENTARE,(... ) diventa
(adesso) io PORRE,(io) pongo
(adesso) tu PORRE,(tu) poni
(adesso) lui PORRE,(lui) pone
(adesso) noi PORRE,(noi) poniamo
(adesso) voi PORRE,(voi) ponete
(adesso) loro PORRE,(loro) pongono
(ieri) io PORRE,(io) ponevo
(molto tempo fa) io PORRE,(io) posi
(molto tempo fa) tu PORRE,(tu) ponesti
(domani) noi PORRE,(noi) porremo
(finito) tu PORRE,(tu) hai posto
(perchè ieri) lui PORRE,(lui) aveva posto
(passato) se voi PORRE,se (voi) avreste posto
(...ndo) ...  PORRE,(... ) ponendo
(passato ...ndo) PORRE,(avendo) posto
(aggetivo) ...  PORRE,(... ) ponente
(per favore) ...  PORRE,(... ) poni
(adesso) io ENTRARE,(io) entro
(adesso) tu ENTRARE,(tu) entri
(adesso) lei ENTRARE,(lei) entra
(adesso) noi ENTRARE,(noi) entriamo
(adesso) voi ENTRARE,(voi) entrate
(adesso) loro ENTRARE,(loro) entrano
(ieri) noi ENTRARE,(noi) entravamo
(molto tempo fa) io ENTRARE,(io) entrai
(molto tempo fa) voi ENTRARE,(voi) entraste
(domani) loro ENTRARE,(loro) entreranno
(finito) io ENTRARE,(io) sono entrato
(perchè ieri) loro ENTRARE,(loro) erano entrati
(passato) se loro ENTRARE,se (loro) sarebbero entrate
(...ndo) ...  ENTRARE,(... ) entrando
(passato ...ndo) ENTRARE,(essendo) entrati
(aggetivo) ...  ENTRARE,(... ) entrante
(per favore) ...  ENTRARE,(... ) entra
(adesso) io TEMERE,(io) temo
(adesso) tu TEMERE,(tu) temi
(adesso) lei TEMERE,(lei) teme
(adesso) noi TEMERE,(noi) temiamo
(adesso) voi TEMERE,(voi) temete
(adesso) loro TEMERE,(loro) temono
(ieri) lui TEMERE,(lui) temeva
(molto tempo fa) io TEMERE,(io) temetti/ei
(molto tempo fa) noi TEMERE,(noi) tememmo
(domani) noi TEMERE,(noi) temeremo
(finito) tu TEMERE,(tu) hai temuto
(perchè ieri) io TEMERE,(io) avevo temuto
(passato) se tu TEMERE,se (tu) avresti temuto
(...ndo) ...  TEMERE,(... ) temendo
(passato ...ndo) TEMERE,(avendo) temuto
(aggetivo) ...  TEMERE,(... ) temente
(per favore) ...  TEMERE,(... ) temi
(adesso) io PULIRE,(io) pulisco
(adesso) tu PULIRE,(tu) pulisci
(adesso) lui PULIRE,(lui) pulisce
(adesso) noi PULIRE,(noi) puliamo
(adesso) voi PULIRE,(voi) pulite
(adesso) loro PULIRE,(loro) puliscono
(ieri) io PULIRE,(io) pulivo
(molto tempo fa) io PULIRE,(io) pulii
(molto tempo fa) lei PULIRE,(lei) pulì
(domani) io PULIRE,(io) pulirò
(finito) lui PULIRE,(lui) ha pulito
(perchè ieri) tu PULIRE,(tu) avevi pulito
(passato) se lui PULIRE,se (lui) avrebbe pulito
(...ndo) ...  PULIRE,(... ) pulendo
(passato ...ndo) PULIRE,(avendo) pulito
(aggetivo) ...  PULIRE,(... ) pulente
(per favore) ...  PULIRE,(... ) pulisci
(adesso) io VESTIRE,(io) vesto
(adesso) tu VESTIRE,(tu) vesti
(adesso) lei VESTIRE,(lei) veste
(adesso) noi VESTIRE,(noi) vestiamo
(adesso) voi VESTIRE,(voi) vestite
(adesso) loro VESTIRE,(loro) vestono
(ieri) tu VESTIRE,(tu) vestivi
(molto tempo fa) io VESTIRE,(io) vestii
(molto tempo fa) loro VESTIRE,(loro) vestirono
(domani) voi VESTIRE,(voi) vestirete
(finito) io VESTIRE,(io) ho vestito
(perchè ieri) io VESTIRE,(io) avevo vestito
(passato) se tu VESTIRE,se (tu) avresti vestito
(...ndo) ...  VESTIRE,(... ) vestendo
(passato ...ndo) VESTIRE,(avendo) vestito
(aggetivo) ...  VESTIRE,(... ) vestente
(per favore) ...  VESTIRE,(... ) vesti
(adesso) io SEGUIRE,(io) seguo
(adesso) tu SEGUIRE,(tu) segui
(adesso) lui SEGUIRE,(lui) segue
(adesso) noi SEGUIRE,(noi) seguiamo
(adesso) voi SEGUIRE,(voi) seguite
(adesso) loro SEGUIRE,(loro) seguono
(ieri) noi SEGUIRE,(noi) seguivamo
(molto tempo fa) io SEGUIRE,(io) seguii
(molto tempo fa) loro SEGUIRE,(loro) seguirono
(domani) loro SEGUIRE,(loro) seguiranno
(finito) lui SEGUIRE,(lui) ha seguito
(perchè ieri) tu SEGUIRE,(tu) eri seguito
(passato) se tu SEGUIRE,se (tu) saresti seguito
(...ndo) ...  SEGUIRE,(... ) seguendo
(passato ...ndo) SEGUIRE,(essendo) seguita
(aggetivo) ...  SEGUIRE,(... ) seguente
(per favore) ...  SEGUIRE,(... ) segui
(adesso) io RESTARE,(io) resto
(adesso) tu RESTARE,(tu) resti
(adesso) lei RESTARE,(lei) resta
(adesso) noi RESTARE,(noi) restiamo
(adesso) voi RESTARE,(voi) restate
(adesso) loro RESTARE,(loro) restano
(ieri) noi RESTARE,(noi) restavamo
(molto tempo fa) io RESTARE,(io) restai
(molto tempo fa) loro RESTARE,(loro) restarono
(domani) io RESTARE,(io) resterò
(finito) loro RESTARE,(loro) sono restate
(perchè ieri) voi RESTARE,(voi) eravate restati
(passato) se voi RESTARE,se (voi) sareste restati
(...ndo) ...  RESTARE,(... ) restando
(passato ...ndo) RESTARE,(essendo) restato
(aggetivo) ...  RESTARE,(... ) restante
(per favore) ...  RESTARE,(... ) resta
(adesso) io CAMBIARE,(io) cambio
(adesso) tu CAMBIARE,(tu) cambi
(adesso) lui CAMBIARE,(lui) cambia
(adesso) noi CAMBIARE,(noi) cambiamo
(adesso) voi CAMBIARE,(voi) cambiate
(adesso) loro CAMBIARE,(loro) cambiano
(ieri) voi CAMBIARE,(voi) cambiavate
(molto tempo fa) io CAMBIARE,(io) cambiai
(molto tempo fa) voi CAMBIARE,(voi) cambiaste
(domani) lui CAMBIARE,(lui) cambierà
(finito) tu CAMBIARE,(tu) hai cambiato
(perchè ieri) tu CAMBIARE,(tu) avevi cambiato
(passato) se tu CAMBIARE,se (tu) saresti cambiato
(...ndo) ...  CAMBIARE,(... ) cambiando
(passato ...ndo) CAMBIARE,(essendo) cambiata
(aggetivo) ...  CAMBIARE,(... ) cambiante
(per favore) ...  CAMBIARE,(... ) cambia
(adesso) io VIAGGIARE,(io) viaggio
(adesso) tu VIAGGIARE,(tu) viaggi
(adesso) lei VIAGGIARE,(lei) viaggia
(adesso) noi VIAGGIARE,(noi) viaggiamo
(adesso) voi VIAGGIARE,(voi) viaggiate
(adesso) loro VIAGGIARE,(loro) viaggiano
(ieri) tu VIAGGIARE,(tu) viaggiavi
(molto tempo fa) io VIAGGIARE,(io) viaggiai
(molto tempo fa) loro VIAGGIARE,(loro) viaggiarono
(domani) tu VIAGGIARE,(tu) viaggerai
(finito) noi VIAGGIARE,(noi) abbiamo viaggiato
(perchè ieri) voi VIAGGIARE,(voi) avevate viaggiato
(passato) se tu VIAGGIARE,se (tu) avresti viaggiato
(...ndo) ...  VIAGGIARE,(... ) viaggiando
(passato ...ndo) VIAGGIARE,(avendo) viaggiato
(aggetivo) ...  VIAGGIARE,(... ) viaggiante
(per favore) ...  VIAGGIARE,(... ) viaggia
(adesso) io SPEGNERE,(io) spengo
(adesso) tu SPEGNERE,(tu) spegni
(adesso) lei SPEGNERE,(lei) spegne
(adesso) noi SPEGNERE,(noi) spegniamo
(adesso) voi SPEGNERE,(voi) spegnete
(adesso) loro SPEGNERE,(loro) spengono
(ieri) tu SPEGNERE,(tu) spegnevi
(molto tempo fa) io SPEGNERE,(io) spensi
(molto tempo fa) noi SPEGNERE,(noi) spegnemmo
(domani) loro SPEGNERE,(loro) spegneranno
(finito) loro SPEGNERE,(loro) hanno spento
(perchè ieri) tu SPEGNERE,(tu) avevi spento
(passato) se lui SPEGNERE,se (lui) avrebbe spento
(...ndo) ...  SPEGNERE,(... ) spegnendo
(passato ...ndo) SPEGNERE,(avendo) spento
(aggetivo) ...  SPEGNERE,(... ) spegnente
(per favore) ...  SPEGNERE,(... ) spegni
(adesso) io RICORDARE,(io) ricordo
(adesso) tu RICORDARE,(tu) ricordi
(adesso) lei RICORDARE,(lei) ricorda
(adesso) noi RICORDARE,(noi) ricordiamo
(adesso) voi RICORDARE,(voi) ricordate
(adesso) loro RICORDARE,(loro) ricordano
(ieri) noi RICORDARE,(noi) ricordavamo
(molto tempo fa) io RICORDARE,(io) ricordai
(molto tempo fa) lei RICORDARE,(lei) ricordò
(domani) loro RICORDARE,(loro) ricorderanno
(finito) io RICORDARE,(io) ho ricordato
(perchè ieri) voi RICORDARE,(voi) avevate ricordato
(passato) se noi RICORDARE,se (noi) avremmo ricordato
(...ndo) ...  RICORDARE,(... ) ricordando
(passato ...ndo) RICORDARE,(avendo) ricordato
(aggetivo) ...  RICORDARE,(... ) ricordante
(per favore) ...  RICORDARE,(... ) ricorda
(adesso) io APPARIRE,(io) appaio
(adesso) tu APPARIRE,(tu) appari
(adesso) lei APPARIRE,(lei) appare
(adesso) noi APPARIRE,(noi) appariamo
(adesso) voi APPARIRE,(voi) apparite
(adesso) loro APPARIRE,(loro) appaiono
(ieri) voi APPARIRE,(voi) apparivate
(molto tempo fa) io APPARIRE,(io) apparvi/rii
(molto tempo fa) lui APPARIRE,(lui) apparve/rì
(domani) io APPARIRE,(io) apparirò
(finito) lei APPARIRE,(lei) è apparsa
(perchè ieri) tu APPARIRE,(tu) eri apparso
(passato) se lui APPARIRE,se (lui) sarebbe apparso
(...ndo) ...  APPARIRE,(... ) apparendo
(passato ...ndo) APPARIRE,(essendo) apparso
(aggetivo) ...  APPARIRE,(... ) apparente
(per favore) ...  APPARIRE,(... ) appari
(adesso) io AIUTARE,(io) aiuto
(adesso) tu AIUTARE,(tu) aiuti
(adesso) lei AIUTARE,(lei) aiuta
(adesso) noi AIUTARE,(noi) aiutiamo
(adesso) voi AIUTARE,(voi) aiutate
(adesso) loro AIUTARE,(loro) aiutano
(ieri) lui AIUTARE,(lui) aiutava
(molto tempo fa) io AIUTARE,(io) aiutai
(molto tempo fa) noi AIUTARE,(noi) aiutammo
(domani) io AIUTARE,(io) aiuterò
(finito) voi AIUTARE,(voi) avete aiutato
(perchè ieri) noi AIUTARE,(noi) avevamo aiutato
(passato) se io AIUTARE,se (io) avrei aiutato
(...ndo) ...  AIUTARE,(... ) aiutando
(passato ...ndo) AIUTARE,(avendo) aiutato
(aggetivo) ...  AIUTARE,(... ) aiutante
(per favore) ...  AIUTARE,(... ) aiuta
(adesso) io TACERE,(io) taccio
(adesso) tu TACERE,(tu) taci
(adesso) lei TACERE,(lei) tace
(adesso) noi TACERE,(noi) tacciamo
(adesso) voi TACERE,(voi) tacete
(adesso) loro TACERE,(loro) tacciono
(ieri) lei TACERE,(lei) taceva
(molto tempo fa) io TACERE,(io) tacqui
(molto tempo fa) noi TACERE,(noi) tacemmo
(domani) io TACERE,(io) tacerò
(finito) loro TACERE,(loro) hanno taciuto
(perchè ieri) noi TACERE,(noi) avevamo taciuto
(passato) se loro TACERE,se (loro) avrebbero taciuto
(...ndo) ...  TACERE,(... ) tacendo
(passato ...ndo) TACERE,(avendo) taciuto
(aggetivo) ...  TACERE,(... ) tacente
(per favore) ...  TACERE,(... ) taci
(adesso) io SPEDIRE,(io) spedisco
(adesso) tu SPEDIRE,(tu) spedisci
(adesso) lei SPEDIRE,(lei) spedisce
(adesso) noi SPEDIRE,(noi) spediamo
(adesso) voi SPEDIRE,(voi) spedite
(adesso) loro SPEDIRE,(loro) spediscono
(ieri) noi SPEDIRE,(noi) spedivamo
(molto tempo fa) io SPEDIRE,(io) spedii
(molto tempo fa) tu SPEDIRE,(tu) spedisti
(domani) voi SPEDIRE,(voi) spedirete
(finito) lei SPEDIRE,(lei) ha spedito
(perchè ieri) loro SPEDIRE,(loro) avevano spedito
(passato) se tu SPEDIRE,se (tu) avresti spedito
(...ndo) ...  SPEDIRE,(... ) spedendo
(passato ...ndo) SPEDIRE,(avendo) spedito
(aggetivo) ...  SPEDIRE,(... ) spedente
(per favore) ...  SPEDIRE,(... ) spedisci
(adesso) io PREPARARE,(io) preparo
(adesso) tu PREPARARE,(tu) prepari
(adesso) lei PREPARARE,(lei) prepara
(adesso) noi PREPARARE,(noi) prepariamo
(adesso) voi PREPARARE,(voi) preparate
(adesso) loro PREPARARE,(loro) preparano
(ieri) io PREPARARE,(io) preparavo
(molto tempo fa) io PREPARARE,(io) preparai
(molto tempo fa) noi PREPARARE,(noi) preparammo
(domani) voi PREPARARE,(voi) preparerete
(finito) tu PREPARARE,(tu) hai preparato
(perchè ieri) voi PREPARARE,(voi) avevate preparato
(passato) se loro PREPARARE,se (loro) avrebbero preparato
(...ndo) ...  PREPARARE,(... ) preparando
(passato ...ndo) PREPARARE,(avendo) preparato
(aggetivo) ...  PREPARARE,(... ) preparante
(per favore) ...  PREPARARE,(... ) prepara
(adesso) io SPOGLIARSI,(io) mi spoglio
(adesso) tu SPOGLIARSI,(tu) ti spogli
(adesso) lui SPOGLIARSI,(lui) si spoglia
(adesso) noi SPOGLIARSI,(noi) ci spogliamo
(adesso) voi SPOGLIARSI,(voi) vi spogliate
(adesso) loro SPOGLIARSI,(loro) si spogliano
(ieri) loro SPOGLIARSI,(loro) si spogliavano
(molto tempo fa) io SPOGLIARSI,(io) mi spogliai
(molto tempo fa) voi SPOGLIARSI,(voi) vi spogliaste
(domani) voi SPOGLIARSI,(voi) vi spoglierete
(finito) loro SPOGLIARSI,(loro) si sono spogliate
(perchè ieri) loro SPOGLIARSI,(loro) si erano spogliate
(passato) se noi SPOGLIARSI,se (noi) ci saremmo spogliati
(...ndo) ...  SPOGLIARSI,(... ) spogliandosi
(passato ...ndo) SPOGLIARSI,(essendosi) spogliato
(aggetivo) ...  SPOGLIARSI,(... ) spogliantesi
(per favore) ...  SPOGLIARSI,(... ) spogliati
(adesso) io ADDORMENTARSI,(io) mi addormento
(adesso) tu ADDORMENTARSI,(tu) ti addormenti
(adesso) lei ADDORMENTARSI,(lei) si addormenta
(adesso) noi ADDORMENTARSI,(noi) ci addormentiamo
(adesso) voi ADDORMENTARSI,(voi) vi addormentate
(adesso) loro ADDORMENTARSI,(loro) si addormentano
(ieri) lui ADDORMENTARSI,(lui) si addormentava
(molto tempo fa) io ADDORMENTARSI,(io) mi addormentai
(molto tempo fa) voi ADDORMENTARSI,(voi) vi addormentaste
(domani) noi ADDORMENTARSI,(noi) ci addormenteremo
(finito) voi ADDORMENTARSI,(voi) vi siete addormentati
(perchè ieri) loro ADDORMENTARSI,(loro) si erano addormentate
(passato) se tu ADDORMENTARSI,se (tu) ti saresti addormentato
(...ndo) ...  ADDORMENTARSI,(... ) addormentandosi
(passato ...ndo) ADDORMENTARSI,(essendosi) addormentato
(aggetivo) ...  ADDORMENTARSI,(... ) addormentantesi
(per favore) ...  ADDORMENTARSI,(... ) addormentati
(adesso) io INNAMORARSI,(io) mi innamoro
(adesso) tu INNAMORARSI,(tu) ti innamori
(adesso) lei INNAMORARSI,(lei) si innamora
(adesso) noi INNAMORARSI,(noi) ci innamoriamo
(adesso) voi INNAMORARSI,(voi) vi innamorate
(adesso) loro INNAMORARSI,(loro) si innamorano
(ieri) tu INNAMORARSI,(tu) ti innamoravi
(molto tempo fa) io INNAMORARSI,(io) mi innamorai
(molto tempo fa) loro INNAMORARSI,(loro) si innamorarono
(domani) loro INNAMORARSI,(loro) si innamoreranno
(finito) io INNAMORARSI,(io) mi sono innamorato
(perchè ieri) noi INNAMORARSI,(noi) ci eravamo innamorati
(passato) se lei INNAMORARSI,se (lei) si sarebbe innamorata
(...ndo) ...  INNAMORARSI,(... ) innamorandosi
(passato ...ndo) INNAMORARSI,(essendosi) innamorato
(aggetivo) ...  INNAMORARSI,(... ) innamorantesi
(per favore) ...  INNAMORARSI,(... ) innamorati
(adesso) io ACCOMODARSI,(io) mi accomodo
(adesso) tu ACCOMODARSI,(tu) ti accomodi
(adesso) lui ACCOMODARSI,(lui) si accomoda
(adesso) noi ACCOMODARSI,(noi) ci accomodiamo
(adesso) voi ACCOMODARSI,(voi) vi accomodate
(adesso) loro ACCOMODARSI,(loro) si accomodano
(ieri) loro ACCOMODARSI,(loro) si accomodavano
(molto tempo fa) io ACCOMODARSI,(io) mi accomodai
(molto tempo fa) voi ACCOMODARSI,(voi) vi accomodaste
(domani) io ACCOMODARSI,(io) mi accomoderò
(finito) loro ACCOMODARSI,(loro) si sono accomodate
(perchè ieri) io ACCOMODARSI,(io) mi ero accomodato
(passato) se loro ACCOMODARSI,se (loro) si sarebbero accomodati
(...ndo) ...  ACCOMODARSI,(... ) accomodandosi
(passato ...ndo) ACCOMODARSI,(essendosi) accomodato
(aggetivo) ...  ACCOMODARSI,(... ) accomodantesi
(per favore) ...  ACCOMODARSI,(... ) accomodati
(adesso) io ANNOIARSI,(io) mi annoio
(adesso) tu ANNOIARSI,(tu) ti annoi
(adesso) lui ANNOIARSI,(lui) si annoia
(adesso) noi ANNOIARSI,(noi) ci annoiamo
(adesso) voi ANNOIARSI,(voi) vi annoiate
(adesso) loro ANNOIARSI,(loro) si annoiano
(ieri) lei ANNOIARSI,(lei) si annoiava
(molto tempo fa) io ANNOIARSI,(io) mi annoiai
(molto tempo fa) loro ANNOIARSI,(loro) si annoiarono
(domani) loro ANNOIARSI,(loro) si annoieranno
(finito) lei ANNOIARSI,(lei) si è annoiata
(perchè ieri) io ANNOIARSI,(io) mi ero annoiato
(passato) se lei ANNOIARSI,se (lei) si sarebbe annoiata
(...ndo) ...  ANNOIARSI,(... ) annoiandosi
(passato ...ndo) ANNOIARSI,(essendosi) annoiato
(aggetivo) ...  ANNOIARSI,(... ) annoiantesi
(per favore) ...  ANNOIARSI,(... ) annoiati
(adesso) io ARRABBIARSI,(io) mi arrabbio
(adesso) tu ARRABBIARSI,(tu) ti arrabbi
(adesso) lui ARRABBIARSI,(lui) si arrabbia
(adesso) noi ARRABBIARSI,(noi) ci arrabbiamo
(adesso) voi ARRABBIARSI,(voi) vi arrabbiate
(adesso) loro ARRABBIARSI,(loro) si arrabbiano
(ieri) io ARRABBIARSI,(io) mi arrabbiavo
(molto tempo fa) io ARRABBIARSI,(io) mi arrabbiai
(molto tempo fa) lei ARRABBIARSI,(lei) si arrabbiò
(domani) io ARRABBIARSI,(io) mi arrabbierò
(finito) voi ARRABBIARSI,(voi) vi siete arrabbiati
(perchè ieri) loro ARRABBIARSI,(loro) si erano arrabbiati
(passato) se loro ARRABBIARSI,se (loro) si sarebbero arrabbiate
(...ndo) ...  ARRABBIARSI,(... ) arrabbiandosi
(passato ...ndo) ARRABBIARSI,(essendosi) arrabbiato
(aggetivo) ...  ARRABBIARSI,(... ) arrabbiantesi
(per favore) ...  ARRABBIARSI,(... ) arrabbiati
(adesso) io CHIAMARSI,(io) mi chiamo
(adesso) tu CHIAMARSI,(tu) ti chiami
(adesso) lei CHIAMARSI,(lei) si chiama
(adesso) noi CHIAMARSI,(noi) ci chiamiamo
(adesso) voi CHIAMARSI,(voi) vi chiamate
(adesso) loro CHIAMARSI,(loro) si chiamano
(ieri) loro CHIAMARSI,(loro) si chiamavano
(molto tempo fa) io CHIAMARSI,(io) mi chiamai
(molto tempo fa) loro CHIAMARSI,(loro) si chiamarono
(domani) noi CHIAMARSI,(noi) ci chiameremo
(finito) lei CHIAMARSI,(lei) si è chiamata
(perchè ieri) tu CHIAMARSI,(tu) ti eri chiamato
(passato) se voi CHIAMARSI,se (voi) vi sareste chiamati
(...ndo) ...  CHIAMARSI,(... ) chiamandosi
(passato ...ndo) CHIAMARSI,(essendosi) chiamato
(aggetivo) ...  CHIAMARSI,(... ) chiamantesi
(per favore) ...  CHIAMARSI,(... ) chiamati
(adesso) io CHIEDERSI,(io) mi chiedo
(adesso) tu CHIEDERSI,(tu) ti chiedi
(adesso) lui CHIEDERSI,(lui) si chiede
(adesso) noi CHIEDERSI,(noi) ci chiediamo
(adesso) voi CHIEDERSI,(voi) vi chiedete
(adesso) loro CHIEDERSI,(loro) si chiedono
(ieri) loro CHIEDERSI,(loro) si chiedevano
(molto tempo fa) io CHIEDERSI,(io) mi chiesi
(molto tempo fa) tu CHIEDERSI,(tu) ti chiedesti
(domani) noi CHIEDERSI,(noi) ci chiederemo
(finito) loro CHIEDERSI,(loro) si sono chieste
(perchè ieri) loro CHIEDERSI,(loro) si erano chieste
(passato) se voi CHIEDERSI,se (voi) vi sareste chiesti
(...ndo) ...  CHIEDERSI,(... ) chiedendosi
(passato ...ndo) CHIEDERSI,(essendosi) chiesto
(aggetivo) ...  CHIEDERSI,(... ) chiedentesi
(per favore) ...  CHIEDERSI,(... ) chiediti
(adesso) io FERMARSI,(io) mi fermo
(adesso) tu FERMARSI,(tu) ti fermi
(adesso) lui FERMARSI,(lui) si ferma
(adesso) noi FERMARSI,(noi) ci fermiamo
(adesso) voi FERMARSI,(voi) vi fermate
(adesso) loro FERMARSI,(loro) si fermano
(ieri) io FERMARSI,(io) mi fermavo
(molto tempo fa) io FERMARSI,(io) mi fermai
(molto tempo fa) loro FERMARSI,(loro) si fermarono
(domani) voi FERMARSI,(voi) vi fermerete
(finito) loro FERMARSI,(loro) si sono fermati
(perchè ieri) loro FERMARSI,(loro) si erano fermate
(passato) se lei FERMARSI,se (lei) si sarebbe fermata
(...ndo) ...  FERMARSI,(... ) fermandosi
(passato ...ndo) FERMARSI,(essendosi) fermato
(aggetivo) ...  FERMARSI,(... ) fermantesi
(per favore) ...  FERMARSI,(... ) fermati
(adesso) io PERDERSI,(io) mi perdo
(adesso) tu PERDERSI,(tu) ti perdi
(adesso) lei PERDERSI,(lei) si perde
(adesso) noi PERDERSI,(noi) ci perdiamo
(adesso) voi PERDERSI,(voi) vi perdete
(adesso) loro PERDERSI,(loro) si perdono
(ieri) io PERDERSI,(io) mi perdevo
(molto tempo fa) io PERDERSI,(io) mi persi
(molto tempo fa) loro PERDERSI,(loro) si persero
(domani) io PERDERSI,(io) mi perderò
(finito) noi PERDERSI,(noi) ci siamo persi
(perchè ieri) tu PERDERSI,(tu) ti eri perso
(passato) se lui PERDERSI,se (lui) si sarebbe perso
(...ndo) ...  PERDERSI,(... ) perdendosi
(passato ...ndo) PERDERSI,(essendosi) perso
(aggetivo) ...  PERDERSI,(... ) perdentesi
(per favore) ...  PERDERSI,(... ) perditi
(adesso) io PETTINARSI,(io) mi pettino
(adesso) tu PETTINARSI,(tu) ti pettini
(adesso) lei PETTINARSI,(lei) si pettina
(adesso) noi PETTINARSI,(noi) ci pettiniamo
(adesso) voi PETTINARSI,(voi) vi pettinate
(adesso) loro PETTINARSI,(loro) si pettinano
(ieri) tu PETTINARSI,(tu) ti pettinavi
(molto tempo fa) io PETTINARSI,(io) mi pettinai
(molto tempo fa) loro PETTINARSI,(loro) si pettinarono
(domani) io PETTINARSI,(io) mi pettinerò
(finito) loro PETTINARSI,(loro) si sono pettinati
(perchè ieri) voi PETTINARSI,(voi) vi eravate pettinati
(passato) se noi PETTINARSI,se (noi) ci saremmo pettinati
(...ndo) ...  PETTINARSI,(... ) pettinandosi
(passato ...ndo) PETTINARSI,(essendosi) pettinato
(aggetivo) ...  PETTINARSI,(... ) pettinantesi
(per favore) ...  PETTINARSI,(... ) pettinati
(adesso) io PREOCCUPARSI,(io) mi preoccupo
(adesso) tu PREOCCUPARSI,(tu) ti preoccupi
(adesso) lui PREOCCUPARSI,(lui) si preoccupa
(adesso) noi PREOCCUPARSI,(noi) ci preoccupiamo
(adesso) voi PREOCCUPARSI,(voi) vi preoccupate
(adesso) loro PREOCCUPARSI,(loro) si preoccupano
(ieri) loro PREOCCUPARSI,(loro) si preoccupavano
(molto tempo fa) io PREOCCUPARSI,(io) mi preoccupai
(molto tempo fa) lei PREOCCUPARSI,(lei) si preoccupò
(domani) lei PREOCCUPARSI,(lei) si preoccuperà
(finito) loro PREOCCUPARSI,(loro) si sono preoccupate
(perchè ieri) lui PREOCCUPARSI,(lui) si era preoccupato
(passato) se voi PREOCCUPARSI,se (voi) vi sareste preoccupati
(...ndo) ...  PREOCCUPARSI,(... ) preoccupandosi
(passato ...ndo) PREOCCUPARSI,(essendosi) preoccupato
(aggetivo) ...  PREOCCUPARSI,(... ) preoccupantesi
(per favore) ...  PREOCCUPARSI,(... ) preoccupati
(adesso) io PREPARARSI,(io) mi preparo
(adesso) tu PREPARARSI,(tu) ti prepari
(adesso) lei PREPARARSI,(lei) si prepara
(adesso) noi PREPARARSI,(noi) ci prepariamo
(adesso) voi PREPARARSI,(voi) vi preparate
(adesso) loro PREPARARSI,(loro) si preparano
(ieri) voi PREPARARSI,(voi) vi preparavate
(molto tempo fa) io PREPARARSI,(io) mi preparai
(molto tempo fa) lui PREPARARSI,(lui) si preparò
(domani) loro PREPARARSI,(loro) si prepareranno
(finito) lei PREPARARSI,(lei) si è preparata
(perchè ieri) loro PREPARARSI,(loro) si erano preparate
(passato) se loro PREPARARSI,se (loro) si sarebbero preparate
(...ndo) ...  PREPARARSI,(... ) preparandosi
(passato ...ndo) PREPARARSI,(essendosi) preparato
(aggetivo) ...  PREPARARSI,(... ) preparantesi
(per favore) ...  PREPARARSI,(... ) preparati
(adesso) io RICORDARSI,(io) mi ricordo
(adesso) tu RICORDARSI,(tu) ti ricordi
(adesso) lei RICORDARSI,(lei) si ricorda
(adesso) noi RICORDARSI,(noi) ci ricordiamo
(adesso) voi RICORDARSI,(voi) vi ricordate
(adesso) loro RICORDARSI,(loro) si ricordano
(ieri) voi RICORDARSI,(voi) vi ricordavate
(molto tempo fa) io RICORDARSI,(io) mi ricordai
(molto tempo fa) tu RICORDARSI,(tu) ti ricordasti
(domani) tu RICORDARSI,(tu) ti ricorderai
(finito) lei RICORDARSI,(lei) si è ricordata
(perchè ieri) loro RICORDARSI,(loro) si erano ricordati
(passato) se loro RICORDARSI,se (loro) si sarebbero ricordate
(...ndo) ...  RICORDARSI,(... ) ricordandosi
(passato ...ndo) RICORDARSI,(essendosi) ricordato
(aggetivo) ...  RICORDARSI,(... ) ricordantesi
(per favore) ...  RICORDARSI,(... ) ricordati
(adesso) io SBRIGARSI,(io) mi sbrigo
(adesso) tu SBRIGARSI,(tu) ti sbrighi
(adesso) lui SBRIGARSI,(lui) si sbriga
(adesso) noi SBRIGARSI,(noi) ci sbrighiamo
(adesso) voi SBRIGARSI,(voi) vi sbrigate
(adesso) loro SBRIGARSI,(loro) si sbrigano
(ieri) tu SBRIGARSI,(tu) ti sbrigavi
(molto tempo fa) io SBRIGARSI,(io) mi sbrigai
(molto tempo fa) tu SBRIGARSI,(tu) ti sbrigasti
(domani) lei SBRIGARSI,(lei) si sbrigherà
(finito) io SBRIGARSI,(io) mi sono sbrigato
(perchè ieri) io SBRIGARSI,(io) mi ero sbrigato
(passato) se lei SBRIGARSI,se (lei) si sarebbe sbrigata
(...ndo) ...  SBRIGARSI,(... ) sbrigandosi
(passato ...ndo) SBRIGARSI,(essendosi) sbrigato
(aggetivo) ...  SBRIGARSI,(... ) sbrigantesi
(per favore) ...  SBRIGARSI,(... ) sbrigati